cc_num,first,gender,street,city,state,zip,lat,long,city_pop,job,dob
4218196001337,172,1,866,131,34,12043,42.684,-74.4939,8509,4,1968-10-03
4351161559407816183,107,0,319,34,34,13027,43.162,-76.3237,31637,357,1948-06-07
4192832764832,237,0,61,355,18,70605,30.1693,-93.2218,124276,260,1989-05-30
4238849696532874,27,0,276,478,6,6513,41.3072,-72.8654,128884,420,1950-12-26
4514627048281480,215,0,810,43,43,76021,32.8536,-97.1358,46885,292,1972-05-22
3517182278248964,344,1,471,169,18,70706,30.6085,-90.9038,71335,102,1984-06-18
213193010310510,190,0,831,573,45,23146,37.7337,-77.7,3093,341,1969-03-06
4065133387262473,90,1,118,206,31,8318,39.5691,-75.163,12702,380,1944-12-27
630447468723,69,0,808,498,43,79766,31.7827,-102.3449,137390,398,1927-08-23
2222913619399092,24,0,365,711,2,72774,35.9082,-94.2304,6121,7,1971-01-26
4251354278496,351,1,840,599,4,95122,37.3293,-121.8339,973849,440,1998-02-26
4874016400529,231,1,696,146,43,78416,27.7536,-97.4347,306433,464,1998-08-02
345331586923222,303,0,355,280,34,14075,42.7334,-78.8389,41937,282,2000-08-16
6541458685014295,333,0,657,33,4,93308,35.4244,-119.0433,520197,98,1977-09-29
3508835615951480,111,1,489,136,5,80918,38.9129,-104.7734,525713,324,1945-08-14
6577738721489511,285,0,329,179,10,30096,33.9845,-84.1529,103980,162,1975-01-06
4163287083172781,343,0,872,179,10,30096,33.9845,-84.1529,103980,228,1994-01-23
4143455812236231660,125,1,682,108,14,60645,42.0086,-87.6947,2680484,244,1948-09-26
3573467065627293,176,1,631,591,20,21804,38.3508,-75.5338,68541,358,1959-04-04
4708053100330923275,240,1,465,563,38,15851,41.0629,-78.8961,6671,257,1962-11-24
6011193149190586,154,1,688,545,37,97230,45.5472,-122.5001,841711,429,1990-11-15
4314737996507527356,268,0,92,438,3,85203,33.437,-111.8057,478404,387,1930-10-26
6011495788568554,241,0,148,353,15,47905,40.4001,-86.8602,98078,475,1975-08-02
4082400842710944,169,1,479,418,19,2048,42.0212,-71.2178,23184,45,1978-08-09
2706999386774968,111,1,353,592,44,84123,40.6596,-111.9193,594043,1,1959-02-24
4471349361831,235,1,27,479,1,35761,34.9,-86.4487,11630,252,1970-03-15
30190659401395,210,0,32,562,13,83440,43.81,-111.789,35470,280,2002-04-06
377468071545168,296,0,884,177,17,41035,38.7049,-84.6237,10785,497,1969-12-03
4824771093241,199,0,174,297,31,7030,40.7445,-74.0329,50005,332,1934-04-12
4398214658404495,209,0,883,653,48,53089,43.1441,-88.2271,18568,157,1973-01-25
6011576627028957,299,0,878,465,14,61550,40.6148,-89.4604,17721,70,1962-02-15
213191343161170,72,1,507,112,4,93610,37.1014,-120.2691,23833,328,1950-02-26
3593792374740743,236,0,952,67,1,36426,31.1294,-87.0961,16202,304,1953-02-15
676364090974,288,0,533,166,21,4627,44.234,-68.6448,1636,118,1961-07-23
30095214562328,273,1,841,726,31,8260,38.9949,-74.838,13661,65,1949-05-07
180016048175499,145,1,388,655,4,91342,34.3054,-118.4322,91725,99,1941-09-04
2248267586926175,215,0,538,495,14,60452,41.6077,-87.7542,27969,317,1993-04-07
4900532931839331,115,0,237,610,34,12866,43.0708,-73.7408,36915,22,1973-02-27
342402681177585,195,1,96,304,43,77069,29.9863,-95.5208,2906700,51,1992-03-10
38115921249985,242,0,902,102,49,25508,37.9385,-82.0512,9837,330,1954-08-31
375452711116152,277,0,167,673,4,90504,33.8708,-118.3295,174353,284,2007-06-06
4585149368991,236,0,258,332,43,76058,32.4663,-97.4011,17123,78,1994-04-06
345459910229014,96,0,777,104,27,28208,35.2358,-80.8964,790689,471,1942-04-27
6011034324451072,258,1,407,108,14,60652,41.7454,-87.7135,2680484,67,1973-09-12
3541605297516136,160,0,467,420,48,54448,44.9657,-89.8299,4249,96,1963-08-04
3531243292127790,254,0,530,295,37,97124,45.5387,-122.9636,92886,284,1960-08-06
584119986795,180,1,944,600,43,78589,26.2044,-98.1537,38004,355,1989-07-24
4037788925546656,240,1,517,53,10,31516,31.2931,-82.2617,14735,120,1935-09-08
4486528168505423,326,0,332,584,4,95823,38.4797,-121.4438,757530,475,1965-07-22
3506537947383471,313,1,477,747,27,27596,36.0078,-78.4412,15619,44,1991-07-09
2261247826137504,150,1,620,448,43,76556,30.7304,-96.8807,1461,235,1953-08-18
30010432898610,272,1,383,628,31,8873,40.5007,-74.5013,49921,475,1981-01-28
3546095396218518,326,0,717,631,34,11419,40.6868,-73.823,47211,57,1927-07-02
3520585277221706,107,0,546,246,34,13069,43.3211,-76.4034,24931,159,1986-05-11
4566765277584161694,350,0,124,569,4,92507,33.9761,-117.3389,419138,353,1997-08-17
4165820297021358,134,0,286,153,40,29332,34.2693,-81.9843,2435,459,1955-12-30
4027868144733,352,1,137,516,0,99645,61.6303,-148.9872,25176,431,1976-06-26
341323705895781,59,1,693,356,9,32025,30.1601,-82.6396,57683,107,1955-03-16
4289226801824223,122,1,428,304,43,77012,29.7149,-95.2819,2906700,425,1949-11-08
4995900109439695,231,1,481,22,43,78002,29.2705,-98.7421,8255,382,1966-10-22
3556258815371477,85,0,963,739,22,48192,42.2084,-83.1616,25883,409,1981-07-29
6533950047974802,290,0,566,527,38,19124,40.0178,-75.0895,1526206,63,1975-07-01
3521655852398689,23,1,880,597,4,92154,32.5753,-117.0707,1241364,245,1987-04-28
30470551694093,169,1,107,730,48,54986,44.1187,-88.7214,4770,495,1965-04-05
676213075622,156,0,33,616,47,98102,47.6302,-122.321,837792,143,1963-12-07
3533484344375759,182,1,205,389,2,72212,34.7871,-92.4222,214454,68,1963-08-02
4842199330839,231,1,722,542,34,11776,40.9136,-73.0464,24235,248,1999-09-21
4262067240046,208,0,792,713,15,47906,40.444,-86.9237,66972,139,1976-01-05
60454932967,279,1,141,299,9,33023,25.9894,-80.2153,420284,214,1974-01-21
4453017426841459337,340,1,959,353,4,94549,37.8961,-122.1119,26864,417,1951-03-14
676183982252,290,0,973,716,25,39773,33.6265,-88.6823,16670,113,1993-04-23
30406403910659,240,1,714,397,5,80503,40.1559,-105.1624,117461,335,1965-07-17
2702512868230047,181,0,634,36,20,21202,39.2998,-76.6075,635495,490,1992-04-06
2720079030673833,258,1,450,194,4,92019,32.7777,-116.9191,165433,248,1995-07-13
6540892687056857,238,0,299,649,40,29483,33.028,-80.1739,111788,329,1937-11-15
4351751830467,236,0,988,441,15,46360,41.698,-86.8699,43625,176,1981-12-17
4638546785448,133,0,766,4,4,91301,34.1227,-118.7573,25488,440,1968-12-28
4536937854777255,61,0,809,129,4,93612,36.8149,-119.7106,109930,7,1982-09-15
4008860084840868,276,1,827,527,38,19119,40.0547,-75.1866,1526206,316,1956-07-08
3541016668700210,172,1,190,233,20,20744,38.7587,-76.9835,50722,232,1997-10-24
343926142939687,125,1,194,662,36,74873,35.2502,-96.9667,11821,65,1955-03-05
676347735869,160,0,949,169,18,70726,30.459,-90.9027,71335,89,1997-11-19
5512678886101586,45,1,52,658,19,2780,41.905,-71.1026,49036,303,1969-06-28
4264647154379938,162,1,600,451,22,48746,43.2718,-83.5619,8528,472,1965-02-24
30526547935641,280,0,417,368,43,78041,27.5569,-99.4907,248858,23,1971-11-29
4672434266179796888,318,0,62,385,31,7036,40.6354,-74.2556,41970,448,1946-09-15
6011014388899374,143,0,82,703,48,54401,44.9654,-89.7066,54974,98,1975-01-02
4571775140102,287,1,400,657,9,33610,27.9951,-82.4046,717255,365,1952-11-07
4609379660334199,49,1,537,234,43,76119,32.6914,-97.2675,813980,418,1937-10-12
3555792499125131,111,1,680,74,34,10467,40.8737,-73.8712,1382480,154,1944-08-30
213174225790506,169,1,885,401,4,90004,34.0762,-118.3029,2383912,450,1992-04-14
4279788191480,278,1,790,405,43,79416,33.5924,-101.9367,254282,203,1965-07-03
2413395962923307,208,0,462,541,22,48340,42.668,-83.2893,59853,328,1954-02-04
3532536729466718,221,0,846,692,6,6110,41.7326,-72.7337,64177,80,1986-06-08
180036374545891,41,0,1,270,27,27403,36.0641,-79.8202,305168,340,1994-08-06
4541520643611037125,195,1,57,10,4,94503,38.1668,-122.2553,19681,296,1979-06-27
4189092753269739,25,0,660,654,20,21784,39.4567,-76.9696,37941,228,1962-08-31
3504389836403768,49,1,60,680,13,83301,42.5565,-114.4693,52010,455,1992-06-11
5191043006848665,239,0,150,401,4,90020,34.0665,-118.3022,2383912,427,1987-08-03
4303161799042102026,171,1,526,613,29,68661,41.4591,-97.0628,7282,392,1978-12-14
4241913800030756,145,1,637,597,4,92120,32.7958,-117.0707,1241364,247,1960-04-02
213123806174457,25,0,500,422,4,93933,36.6849,-121.7934,22406,4,1935-08-25
4506413836702411,23,1,571,149,17,41014,39.0642,-84.5118,38889,52,1994-10-24
375574313291214,60,0,854,727,38,16693,40.4025,-78.2558,4185,32,1990-06-12
378044206788319,168,1,4,505,9,33054,25.9097,-80.247,107314,74,1993-02-25
2237215107029667,171,1,531,296,11,96720,19.7025,-155.0939,46165,437,1951-10-21
6011838065787597,187,0,597,276,35,45849,41.0245,-84.4956,1219,421,1943-12-26
4480396522393,117,1,64,472,9,34112,26.1184,-81.7361,276002,387,2002-11-14
676170593252,242,0,36,648,18,70665,30.2009,-93.4437,38893,250,1974-11-29
4289539264422099,155,0,960,490,12,52317,41.7443,-91.6061,14775,266,1989-05-11
4570433154100676,251,1,666,121,38,18411,41.4878,-75.7057,21985,26,1955-02-05
346218159970624,211,1,534,88,43,75007,33.0033,-96.882,119595,196,1994-11-04
4506149731032419,169,1,757,388,48,54140,44.2842,-88.312,8533,216,1960-05-14
503811586935,200,0,798,718,22,48186,42.289,-83.3686,84124,457,1993-12-17
4320616329451163,182,1,720,58,9,33431,26.3799,-80.0975,210202,83,1963-02-03
180064679970242,146,1,654,348,15,46347,41.3091,-87.024,4760,388,1959-02-22
4546913736785082143,240,1,342,414,36,73446,34.0784,-96.7597,8042,165,1988-05-05
4357972798552411,100,0,344,494,35,44857,41.2403,-82.6078,23805,407,1947-10-18
3534944665743744,236,0,117,283,38,17104,40.2597,-76.8594,165527,54,1973-04-20
4328309652074461,156,0,406,335,24,64131,38.9713,-94.5774,545147,444,1955-01-23
3551353465549475,290,0,399,292,42,37076,36.1848,-86.6002,35230,127,1977-04-27
341752500743293,263,1,969,601,4,94580,37.6787,-122.1295,27152,425,1961-12-03
4033542168940,72,1,794,536,43,75023,33.055,-96.7365,278067,156,1969-09-10
4982150648900,198,1,2,509,34,13825,42.4133,-75.2079,3442,434,1976-08-25
4184992618914117392,82,1,645,62,47,98021,47.7918,-122.2243,107070,380,1984-03-17
2717218114374471,19,0,557,363,4,92040,32.8562,-116.9201,41281,7,1975-02-04
379415521667462,240,1,223,192,14,62401,39.1217,-88.5611,19096,381,1973-07-27
342771670145088,266,1,590,117,38,15025,40.3243,-79.9317,15944,204,1954-11-28
4028772175354087,84,1,185,439,9,33187,25.596,-80.507,1737737,87,1927-08-01
2720948837550370,125,1,570,167,43,77536,29.6826,-95.1222,30690,434,1977-03-21
4149331637351605,318,0,803,237,27,27524,35.404,-78.4153,12338,40,1941-08-14
3521699586693460,334,0,277,684,4,91354,34.4466,-118.5374,61327,239,2002-11-28
180015879968469,276,1,208,144,38,15108,40.5,-80.1996,40153,235,1935-07-06
4571983863842,238,0,664,196,43,79938,31.8045,-105.9661,749635,433,1964-12-24
4212281606484229407,125,1,269,433,16,67460,38.3763,-97.6702,15168,437,1960-09-07
213182688615334,235,1,992,449,41,57252,45.2061,-96.6255,4800,31,1995-10-25
4085887704358112888,4,0,619,401,4,90065,34.1073,-118.2266,2383912,130,2002-12-02
503848193465,149,0,70,491,35,44133,41.3232,-81.7457,30394,289,2000-04-15
3547660728326849,340,1,890,82,27,28715,35.5376,-82.7001,24582,176,1945-08-12
4394312908781417,85,0,525,114,34,14428,43.0749,-77.835,8096,492,1954-12-23
376205336452579,168,1,817,489,4,91606,34.1872,-118.3865,155954,66,1959-11-16
3593084887256395,247,0,822,27,10,30906,33.3589,-82.0099,202193,119,1987-08-19
3550373145303854,145,1,516,545,37,97229,45.5483,-122.8276,841711,294,1980-02-04
4557790827237,24,0,234,469,19,1908,42.4261,-70.9277,3410,96,1973-08-25
4030299228092023,92,0,911,626,18,70461,30.2726,-89.729,84991,327,1969-04-16
3525799136621031,192,0,918,690,34,14564,42.9866,-77.418,14487,481,1983-10-28
180050863765993,29,0,156,132,9,32922,28.3672,-80.7465,65760,412,1967-01-15
6512694486959461,258,1,592,184,35,43920,40.6774,-80.6006,23438,353,1976-04-09
6589026012796117,97,1,681,572,14,61101,42.2922,-89.1161,189162,48,1984-07-03
568430988390,61,0,24,234,43,76109,32.7002,-97.3789,813980,314,1979-12-18
2704895543937690,1,0,193,566,45,23233,37.6455,-77.6266,536907,407,1967-10-25
3569735779071412,145,1,369,328,31,7310,40.7324,-74.0431,247530,216,1990-04-20
2702755394237339,248,0,348,590,37,97302,44.9039,-123.0445,249657,389,1953-03-01
3579472846392088,268,0,563,444,8,19709,39.4815,-75.6832,35107,411,1943-06-04
6011559428434798,130,0,658,681,16,67880,37.5792,-101.3488,7878,441,1949-04-14
30026728857441,203,0,214,386,44,84042,40.3412,-111.7144,10094,443,1989-12-16
2289399824558773,311,1,233,373,17,40342,38.0189,-84.9299,21125,259,1993-10-07
4475987622023410,71,0,789,305,22,48843,42.6159,-83.9248,57683,132,1976-11-29
3572282005577842,197,0,984,589,23,55125,44.9197,-92.9439,753116,425,1991-04-06
2445642400825475,176,1,422,413,4,93638,37.0402,-120.0335,98719,346,1953-10-24
6011416389448467,76,1,188,519,2,72373,35.2586,-90.5564,1329,156,1990-07-22
4442703120735649,265,0,56,139,35,43207,39.9046,-82.9703,783285,160,1999-03-05
2246730371837644,321,0,888,17,45,22202,38.8565,-77.0592,207410,165,1957-07-04
2246502491630096,265,0,146,282,4,93230,36.3314,-119.6491,65264,50,2000-10-09
5573585730652407,169,1,755,74,34,10469,40.8702,-73.8495,1382480,137,1975-12-06
180070862095937,122,1,886,244,4,93728,36.7581,-119.8113,570271,56,1959-04-10
2531096789940535,207,1,731,307,9,34667,28.3648,-82.6757,44792,332,1989-05-31
213114138113867,78,1,301,340,43,76549,31.0065,-97.841,164094,462,1982-12-25
2223868528975581,348,0,668,267,22,49504,42.9737,-85.7265,375580,316,1997-08-10
213140433504880,201,0,84,421,10,30064,33.9343,-84.6076,302309,205,1986-03-06
3515727919409615,273,1,674,160,43,75235,32.8252,-96.8388,1263321,33,1994-03-21
3520679981364629,44,0,643,38,14,60010,42.1614,-88.1383,44095,111,1932-03-22
6011898331465915,37,0,368,548,10,30127,33.9135,-84.6859,60347,124,1979-05-12
4103924051477056,71,0,850,394,14,60441,41.593,-88.0507,36869,14,1996-12-11
4439407016451049,292,1,821,101,3,85248,33.2509,-111.8593,255641,360,2000-07-30
376205554384041,298,1,442,200,42,37643,36.3445,-82.2015,33689,118,1974-05-09
6011926495782328,195,1,490,721,6,6109,41.7013,-72.6763,26668,424,1986-01-01
3556647423122092,215,0,341,582,22,48067,42.4906,-83.1366,57256,376,1961-01-11
4772233060463333,39,1,770,704,15,47989,39.902,-87.0178,1281,313,1976-07-29
213177038860861,175,1,485,523,30,3076,42.7288,-71.3046,12897,488,1981-03-15
2612982665702796,312,1,463,678,4,95379,37.9678,-120.2357,3898,406,1958-08-03
342220644742125,340,1,788,197,1,36323,31.4137,-86.0777,8255,69,1949-09-22
3502205020994515,31,1,503,733,19,1801,42.4829,-71.1574,38903,463,1954-03-22
2381472145868333,216,1,953,9,43,79111,35.2286,-101.6703,220580,498,1958-03-08
30293430107131,276,1,558,485,38,17240,40.1333,-77.5669,3345,437,1999-02-22
379902355770272,53,0,612,257,16,66743,37.5091,-94.8569,4373,55,1944-03-17
6011996291450461,26,0,449,336,38,19348,39.855,-75.7,22232,402,1961-07-17
378452182307683,49,1,922,126,35,44130,41.3826,-81.7964,769341,413,1974-06-03
4533448571422418,3,1,860,405,43,79424,33.5159,-101.9344,254282,234,1964-08-19
180002070160161,155,0,542,506,9,32073,30.1637,-81.7291,98816,80,1928-10-29
4733294562557707,39,1,259,39,18,70814,30.4848,-91.0689,378909,250,1987-12-07
3582761539669587,240,1,972,311,1,35801,34.7269,-86.5673,190178,352,1991-08-21
4570132902278467,215,0,549,178,14,62832,38.0137,-89.2333,9208,277,1970-10-22
6011405800851409,90,1,567,587,9,32084,29.9175,-81.3668,109984,441,1933-10-29
4201027621267969279,189,0,532,361,47,98258,48.0171,-122.0672,30524,433,1944-04-04
3519712847818919,90,1,899,83,4,91304,34.2197,-118.6111,77086,10,1964-02-19
6544209494079293,19,0,724,75,34,11212,40.6625,-73.9145,2504700,208,2004-06-11
3592927524372804,130,0,287,453,43,75773,32.6661,-95.487,12791,142,1979-07-23
5227674783667429,194,0,665,99,4,90703,33.8669,-118.0686,49399,269,1955-09-28
6539385258001066,29,0,357,358,9,32744,28.9806,-81.2334,3588,103,1976-05-06
4244717465421409,147,0,438,558,4,94063,37.4815,-122.2091,104429,486,1953-07-28
180039174101196,246,0,209,92,12,50048,41.5763,-94.5212,861,310,1928-12-17
36618306719854,119,0,164,539,4,91768,34.0662,-117.7763,154204,238,1987-07-14
4461571732030931,169,1,877,245,12,52749,41.3486,-91.1237,925,414,2000-01-03
4027079032024,231,1,939,407,19,1462,42.5884,-71.7266,10086,491,1962-04-04
349825309251148,67,1,283,677,3,85743,32.3366,-111.1771,865276,70,1987-11-23
4723248763290927910,217,0,94,370,33,89110,36.173,-115.0669,1417793,367,1948-02-07
4277220054365,85,0,119,286,25,39401,31.3146,-89.3065,82617,452,1998-06-07
4531363631797,186,0,977,244,4,93722,36.7918,-119.8801,570271,290,1950-10-05
3542177625349290,321,1,702,212,47,98204,47.9017,-122.2472,168159,12,1990-11-17
3592906007806868,185,0,748,590,19,1970,42.5151,-70.9003,41109,181,1945-05-23
675942799072,169,1,569,290,4,92544,33.739,-116.9243,117746,461,1950-01-23
180001657905527,235,1,539,470,38,18634,41.1963,-76.0044,13569,188,1985-10-03
4155778817884795134,312,1,253,594,43,78218,29.4969,-98.4032,1595797,126,1987-02-04
4827567043103856958,235,1,894,547,46,5058,43.8858,-72.27,346,382,1998-12-13
30292842222314,18,0,464,220,45,22460,37.874,-76.605,1876,126,1996-08-11
5167275208854741,347,1,765,329,42,37604,36.3107,-82.381,92094,438,1960-05-15
30515093983436,14,0,196,318,12,52246,41.6438,-91.5669,77509,339,1929-11-04
377813767426621,282,1,487,71,22,49715,46.3891,-84.6981,3130,224,1945-09-07
4264870494787301,267,0,726,579,23,55068,44.7378,-93.0685,27490,389,1989-11-29
6571589042902575,298,1,468,459,20,21770,39.3512,-77.2494,5164,66,1978-04-22
3585544518952027,192,0,522,392,5,80129,39.5397,-105.0109,320420,423,1942-05-14
5507545279852405,257,1,241,302,38,18431,41.5792,-75.2528,12666,337,1965-11-17
6011310890714014,111,1,945,707,43,79095,34.8717,-100.2207,2686,229,1996-10-20
3589119083342809,351,1,771,706,43,76087,32.7495,-97.6894,65228,149,1998-11-01
4151718275487,244,0,650,609,9,34238,27.2427,-82.4751,232625,375,1971-11-30
4678112669121531,128,0,377,445,44,84047,40.6152,-111.8851,28936,323,1933-07-02
5447732010170262,214,0,917,580,4,95661,38.7346,-121.234,122853,214,1972-05-26
6011675677002845,310,1,474,380,44,84639,39.5215,-111.9438,963,402,1973-05-23
3545009025590560,47,1,506,133,4,96107,38.5029,-119.4828,1269,271,1976-12-17
4986407905696594,47,1,791,440,35,45342,39.6321,-84.2675,36784,167,1999-04-27
4049639191954198767,71,0,476,12,40,29621,34.5261,-82.6304,93613,434,1929-07-25
4374896908357230,52,0,652,370,33,89117,36.1302,-115.2755,1417793,324,1927-08-19
4786603242044820701,31,1,429,244,4,93705,36.7863,-119.8286,570271,454,1967-02-06
180071391559633,327,1,358,304,43,77036,29.6984,-95.5405,2906700,95,1998-02-08
4575409003486451832,295,0,427,160,43,75211,32.7319,-96.9057,1263321,225,1961-06-02
371248156985703,255,0,733,127,35,45002,39.1937,-84.734,13388,259,1991-09-23
3596577242954312,150,1,310,517,4,94303,37.4673,-122.1388,92558,320,2001-10-09
349108677133341,102,0,412,272,15,46936,40.4791,-85.9582,5922,124,1986-06-05
4971072563669,248,0,6,353,18,70503,30.1843,-92.0497,151705,484,2004-11-27
578964652809,209,0,735,371,20,20708,39.0499,-76.8345,102149,232,1967-05-09
180062572870329,31,1,288,104,27,28205,35.22,-80.7881,790689,126,1955-08-19
4993908926137154,16,0,595,173,22,48221,42.426,-83.15,673342,379,1989-03-08
349759230450182,338,1,244,227,24,63031,38.8069,-90.3401,108973,102,1988-02-28
4158377674996164,275,0,615,545,37,97219,45.458,-122.7074,841711,416,1981-09-17
4243864908108186611,181,0,497,660,40,29687,34.9245,-82.3197,39561,37,1959-12-06
4945232194168000,156,0,710,80,14,60409,41.6153,-87.5483,37186,116,1978-02-16
567236831473,67,1,291,208,35,44035,41.3724,-82.1051,64263,241,1982-10-22
2367998407678992,321,0,91,513,34,11417,40.6769,-73.8448,53828,497,1989-04-30
503843757389,77,0,739,435,42,38106,35.1021,-90.033,697385,172,1989-10-19
4297167433800548,136,1,562,175,8,19901,39.1564,-75.4955,69187,212,1967-12-07
4891077119918081211,293,1,486,64,31,8805,40.5681,-74.5397,12254,130,1958-02-01
4603754821459,243,1,867,259,34,11542,40.865,-73.6277,27633,410,1980-05-21
60481155624,154,1,306,423,22,48039,42.6859,-82.5499,7807,440,1989-04-22
213167389975632,308,1,302,161,29,69026,40.0377,-100.4242,220,19,1960-09-03
4810548510174907530,276,1,461,398,35,44055,41.4361,-82.135,67952,86,1978-05-16
5566110627371588,145,1,981,460,27,28115,35.5774,-80.8226,69793,383,1983-10-25
2237702851961153,193,1,543,393,38,17045,40.5753,-77.0083,3350,121,1963-05-26
4701851067941,191,1,933,685,14,62295,38.2805,-90.3122,1599,498,1982-05-08
676374120944,182,1,994,438,3,85206,33.4026,-111.7242,478404,15,1983-12-03
4971895690707,128,0,565,321,25,39206,32.37,-90.1738,233060,430,1929-02-04
4620952004615260,309,0,349,742,43,77995,29.284,-97.1306,9567,307,1961-11-24
180017063048918,90,1,970,138,24,65203,38.9348,-92.3639,139474,300,1983-02-28
30007942007492,90,1,418,571,34,14623,43.0834,-77.6344,478127,104,1966-05-04
3554743553795021,235,1,31,709,3,85356,32.6935,-114.1561,4539,105,1961-12-07
3517537030453196,228,1,764,518,49,26101,39.2644,-81.5354,46768,315,1970-06-16
4999219212493846,69,0,875,239,35,45005,39.5357,-84.303,29963,225,1986-06-08
213130468750631,126,1,372,539,4,91767,34.0812,-117.7362,154204,257,1935-08-20
6011954317350587,276,1,796,561,47,98057,47.4714,-122.2203,141407,47,1983-04-10
4804661963990766,181,0,88,531,22,48169,42.4596,-83.9099,20813,473,1954-04-21
4567972320024968,175,1,987,2,12,50003,41.6221,-94.038,6594,466,1980-03-04
213165333153777,212,0,470,401,4,90020,34.0665,-118.3022,2383912,186,1971-12-02
30563620501503,182,1,954,468,1,35661,34.7561,-87.6304,16617,201,1993-11-15
676326153472,90,1,962,28,5,80013,39.6575,-104.7846,389246,158,1968-09-24
3530993842530429,290,0,187,555,30,3077,43.0325,-71.1912,10155,147,1993-11-13
3574969033373636,111,1,488,81,17,42029,37.0147,-88.3811,6321,284,2001-09-20
6576657546027341,227,0,895,666,37,97760,44.3909,-121.2379,6757,100,1971-05-26
4444392840449,286,0,913,55,14,61704,40.4705,-88.9433,84349,410,1977-04-20
345366377805295,294,1,554,139,10,31907,32.4779,-84.898,173903,428,1998-10-20
4599996636186379,37,0,425,108,14,60647,41.9209,-87.7043,2680484,155,1946-12-21
4705802566212867162,328,0,475,163,22,48126,42.3349,-83.1801,98153,361,1998-02-16
6011859777901474,132,0,937,365,4,93535,34.7131,-117.8783,182305,455,1964-04-02
4137681511856721,90,1,184,638,24,65803,37.2593,-93.2912,219752,367,1996-06-26
3527422091241863,72,1,437,568,43,78582,26.3942,-98.8104,40455,27,2003-04-28
4647090063353314,5,1,324,176,4,90240,33.9581,-118.1174,111772,332,2002-02-10
3586613315520656,2,1,501,667,19,1876,42.6028,-71.2232,28667,477,1998-02-17
4956252571509976837,188,0,103,149,10,30014,33.5293,-83.8496,86177,69,1993-03-30
4303975245086409,89,1,397,33,4,93304,35.3396,-119.0218,520197,59,1965-09-28
4298338167423364,64,0,750,585,22,48602,43.4248,-83.9745,135669,349,1967-10-09
30066149828241,145,1,903,627,35,44139,41.3866,-81.4421,24356,9,1958-09-25
6567491601692364,328,0,763,309,43,77339,30.0563,-95.2107,194500,291,1971-09-25
4243992011669183625,279,1,873,540,9,33063,26.2674,-80.2092,425636,122,1963-12-17
503870116863,235,1,524,30,5,81620,39.6313,-106.5108,10450,355,1979-02-16
3534679121416143,39,1,721,271,15,47240,39.2998,-85.4918,20832,464,1956-03-26
3577596555535669,215,0,85,722,1,36092,32.5927,-86.2153,29730,374,1970-03-08
676350573975,145,1,687,644,5,80487,40.6327,-106.9318,17057,122,2003-06-19
503871487271,328,0,330,455,23,55404,44.9609,-93.2642,1022298,306,1974-06-17
4287153991566863,271,0,121,382,17,40513,38.0139,-84.5815,296965,458,1983-07-01
4983665528993160877,116,1,781,291,33,89014,36.0564,-115.078,264999,398,1945-08-30
30374605233025,291,1,221,532,9,33782,27.8681,-82.7086,46772,61,1945-03-14
3512590472927743,309,0,65,203,45,22827,38.4025,-78.6321,10388,126,1948-08-18
30201859626309,56,1,936,527,38,19124,40.0178,-75.0895,1526206,10,1957-09-21
4999741926769,108,0,828,379,23,55354,44.8739,-94.0551,2741,477,1949-10-23
5229321840118453,344,1,423,90,22,48419,43.4258,-82.6022,2740,258,1968-03-07
4303243298395429,251,1,628,356,40,29560,33.8655,-79.7418,13664,60,1972-04-24
3598926256609312,95,0,512,139,10,31904,32.5161,-84.9785,173903,185,1949-03-01
3518594849102562,72,1,935,11,0,99508,61.206,-149.8101,242037,298,1989-03-14
3527578446834148,150,1,123,439,9,33165,25.7343,-80.3588,1737737,74,1974-06-22
4778816093068535,348,0,743,417,26,59741,45.798,-111.3146,4352,114,1969-11-08
4153814474430965,84,1,971,708,49,26070,40.2548,-80.5961,8441,244,1981-09-24
6501673188261700,72,1,656,561,47,98059,47.5058,-122.1157,141407,222,1964-03-05
3505313402665021,234,0,694,300,24,65043,38.6328,-92.1163,9452,92,1966-12-13
213130569067448,169,1,294,365,38,17603,40.0091,-76.3671,164596,216,1994-09-19
30189239231264,23,1,105,688,4,93001,34.3308,-119.3584,112613,253,1953-06-01
30086041454565,90,1,7,663,38,18969,40.3205,-75.352,15273,84,1955-11-16
4108255598953439611,310,1,940,624,40,29681,34.7512,-82.255,74264,276,1979-08-01
3502368485571614,185,0,947,304,43,77005,29.7179,-95.4263,2906700,158,1939-02-19
213127868669437,74,1,99,288,31,7506,40.9564,-74.1569,18791,243,1951-07-10
676134024246,294,1,814,218,31,7022,40.817,-74.0,13835,436,1970-10-14
340534240891645,299,0,366,149,18,70433,30.4876,-90.0959,47736,344,1998-07-18
30223972404224,283,0,226,109,24,64601,39.7966,-93.5509,12438,118,1984-04-18
6011100231429004,340,1,145,226,31,7932,40.7757,-74.3928,9868,131,1974-05-26
5101841862030362,148,0,624,503,29,68104,41.2919,-95.9999,518429,100,1982-06-29
6592624945147542,276,1,231,56,38,17815,41.0115,-76.4384,30967,377,1966-06-22
4522655767695234,147,0,838,651,42,37873,36.4741,-82.8306,4073,1,1979-11-07
5255247286333024,55,1,74,33,4,93309,35.3384,-119.0627,520197,376,2001-04-30
4310962272847656,161,0,135,401,4,90011,34.0079,-118.2582,2383912,315,1932-05-19
3536241862369037,145,1,784,269,48,54301,44.482,-88.0205,179116,46,1971-06-16
5415950342811399,2,1,312,215,45,22030,38.8458,-77.3242,151929,450,1963-01-01
2260546835652150,150,1,222,435,42,38125,35.0312,-89.8124,697385,29,1982-06-17
4332288985725458,225,1,635,323,34,11434,40.6775,-73.7758,224445,393,1982-02-26
213171752421497,134,0,761,372,19,1841,42.7115,-71.167,76383,119,2002-07-04
4692758955168740909,257,1,155,511,4,93033,34.1685,-119.1717,211523,308,1988-05-08
4112166365155973,84,1,719,374,43,78645,30.449,-97.9669,54068,247,1979-03-08
377303064421210,96,0,835,281,21,4640,44.5046,-68.2402,2261,281,1967-06-13
3559608931992555,11,0,514,229,48,54935,43.7742,-88.4352,60763,107,1934-05-21
4682963533907,142,1,823,603,44,84070,40.5794,-111.8816,105585,145,1969-09-27
4646491111096171,252,0,793,677,3,85719,32.2474,-110.9491,865276,335,1981-09-10
4157660538442,302,0,315,171,5,80210,39.679,-104.9631,990452,269,1973-06-20
639096262659,192,0,293,0,19,1220,42.6223,-73.1172,8603,213,1986-11-28
5160920981960275,222,0,356,454,38,17954,40.6904,-76.2597,4564,43,1991-05-30
5479112442117531,145,1,175,521,31,7514,40.9248,-74.1467,146199,355,1993-11-21
4155799802841397,17,0,510,313,49,24844,37.4499,-81.812,1810,108,1939-02-12
3577686342346197,274,1,779,499,44,84404,41.2627,-111.9837,186422,90,1933-05-20
347208496498560,15,1,265,338,47,98042,47.368,-122.1206,147876,262,1986-08-10
348164938318495,336,1,678,494,6,6854,41.0957,-73.4285,85422,390,1948-03-11
30295963904099,343,0,613,529,34,12565,42.2485,-73.6463,1487,226,1955-05-03
379064771591038,19,0,633,366,22,48912,42.7371,-84.5244,162150,297,1949-10-07
4104145964229712525,252,0,732,216,45,22039,38.7602,-77.3064,18364,189,1988-04-16
213131170303768,68,0,892,106,42,37411,35.0271,-85.2356,198659,130,1990-01-29
6598363146249120,168,1,83,146,43,78418,27.6349,-97.3103,306433,284,1966-08-06
4686850745102,235,1,447,36,20,21214,39.3521,-76.5644,635495,93,1956-09-21
4814396661340,171,1,499,745,45,23693,37.1256,-76.4469,45297,497,1995-10-22
4122572076502411,62,0,576,222,24,63026,38.5015,-90.4683,44124,372,1998-05-22
4211457758471,90,1,593,605,4,95060,37.0313,-122.1198,97900,121,2002-08-04
341361487824553,145,1,318,49,1,35546,33.6945,-87.6226,3901,237,1976-01-19
180098247414077,23,1,756,503,29,68138,41.1549,-96.1376,518429,282,1976-01-02
4423691430753662,145,1,948,16,34,14807,42.4225,-77.6918,3076,333,1970-01-29
3582661287585755,154,1,90,436,14,61342,41.5443,-89.1083,9216,300,1979-03-30
6011607870104151,204,1,505,526,31,8861,40.5176,-74.2754,53099,186,1994-06-26
4079311029181335,49,1,15,438,3,85207,33.4321,-111.6426,478404,348,1957-10-06
4223288377441971,135,0,181,679,1,35401,33.1969,-87.5627,112654,10,1943-12-30
582774025883,71,0,138,611,34,12304,42.7841,-73.9094,162643,251,1967-02-27
6592988425995997,288,0,238,397,5,80504,40.1306,-104.9504,117461,375,1997-04-27
2227610941017591,220,0,183,317,15,46236,39.8689,-85.9765,910148,347,1985-11-17
6011190130205696,197,0,881,146,43,78411,27.7311,-97.3877,306433,396,1959-09-03
36619128411738,31,1,458,744,4,92886,33.9058,-117.7865,66570,426,1986-01-16
6011819740056434,126,1,851,343,42,37664,36.5208,-82.5168,87124,486,1971-08-13
3587240107835677,111,1,5,159,43,77429,29.9766,-95.6358,122803,14,1956-03-15
3566821719553561,317,0,42,95,43,75423,33.2649,-96.2076,2982,205,1944-10-09
4055934296711142,322,0,760,320,43,75038,32.8653,-96.9905,217883,46,1967-08-10
4328348315203771070,282,1,113,275,35,43123,39.8814,-83.0839,58424,187,1967-12-23
676340850954,325,1,601,545,37,97222,45.4373,-122.6147,841711,236,1953-04-10
180026732044133,256,0,951,466,40,29464,32.8473,-79.8206,72374,365,1955-10-09
30360914985173,65,0,738,457,27,27028,35.922,-80.537,25839,152,1964-04-20
213104405809354,49,1,147,346,9,34746,28.268,-81.4675,228365,332,1926-12-24
589556574905,57,0,21,65,9,33435,26.5254,-80.061,155385,403,1973-07-06
676326113989,352,1,189,359,37,97034,45.4093,-122.6847,42817,461,1973-09-15
4513765158819,325,1,640,594,43,78216,29.5334,-98.4975,1595797,465,1961-04-08
341668297327027,40,0,134,701,7,20024,38.8759,-77.016,601723,308,1963-08-08
4155999101577,314,0,737,375,38,17042,40.3316,-76.3976,66923,348,1968-01-21
4750988986457,145,1,379,567,34,11385,40.7036,-73.8961,98592,140,1999-01-04
4491342138820901,331,0,715,623,4,93065,34.2656,-118.7653,126874,108,1958-04-26
36741241513156,54,0,819,306,27,28539,34.6993,-77.2079,15469,6,1983-01-13
4272742318306178930,240,1,707,5,35,44320,41.0835,-81.5674,272134,383,1997-12-13
180041314675360,38,0,163,74,34,10463,40.8798,-73.9067,1382480,24,1954-06-08
180045667664046,169,1,776,642,34,10314,40.6039,-74.1472,468730,92,1972-04-07
60406155816,234,0,338,160,43,75216,32.7086,-96.7955,1263321,330,1993-03-21
213186702440330,18,0,627,12,40,29625,34.5271,-82.7087,93613,483,1976-06-17
4568044731497,169,1,699,258,20,21061,39.1618,-76.6297,82907,313,1959-04-02
4637579145215,45,1,320,97,2,72027,35.3981,-92.5582,1417,328,1967-08-06
370438787535776,190,0,622,546,45,23703,36.8695,-76.3869,95535,141,1946-06-30
4286604164485951,205,0,413,683,4,91784,34.141,-117.6581,77103,373,1946-11-13
5143318751097927,22,0,39,362,9,33813,27.9611,-81.9398,237282,296,1967-03-01
4192134249128965,125,1,978,228,34,11354,40.7667,-73.8241,219342,122,1960-09-20
4675481386667545,284,1,335,696,38,17266,40.086,-77.409,581,350,1972-01-04
6520575639836526,321,0,581,93,40,29033,33.9626,-81.0671,11603,209,1984-07-10
4604409079772781,271,0,229,158,10,30041,34.2037,-84.1031,129584,101,1936-04-16
2704390552958068,156,0,401,145,34,11368,40.7453,-73.8611,109931,485,2002-09-09
4851579197111212590,231,1,370,193,31,8234,39.3741,-74.6118,42532,159,1995-03-13
3524295633432445,238,0,958,60,25,38829,34.6694,-88.5443,18707,132,1967-07-07
4358841834374016,175,1,801,159,43,77429,29.9766,-95.6358,122803,135,1978-03-03
4427820797996673,281,1,574,17,42,38002,35.2752,-89.7295,38927,338,1985-05-22
4498392250142579,156,0,256,530,3,85033,33.4944,-112.2132,1312922,77,1954-08-25
675925178633,314,0,325,235,17,41043,38.7506,-84.1566,1745,475,1990-03-30
569235558099,212,0,337,416,12,50157,41.7695,-92.5354,762,345,1928-06-09
4467046226817154,238,0,264,401,4,90019,34.0482,-118.3343,2383912,251,1975-01-25
180075851268619,52,0,904,439,9,33125,25.7825,-80.2341,1737737,477,1998-07-29
676142456075,114,0,98,298,36,74848,35.0839,-96.377,8326,108,1969-08-01
379389701550295,351,1,820,54,38,15717,40.4413,-79.2533,10847,211,2000-07-14
4498830597367,96,0,812,675,4,95377,37.6567,-121.4955,106426,3,1985-09-12
4795133053194979696,125,1,556,322,9,32225,30.351,-81.5061,847415,394,1964-08-20
6011917851385442,258,1,309,419,31,8052,39.9511,-74.9946,19172,194,1957-10-13
6011319422686533,156,0,165,26,16,67730,39.7926,-101.0318,1612,133,1983-11-15
180072169666303,215,0,961,511,4,93030,34.2141,-119.175,211523,455,1956-01-16
4883275327352417,309,0,415,592,44,84117,40.6551,-111.834,594043,200,1964-02-04
4876164819807709,105,1,703,402,17,40272,38.0846,-85.851,736284,215,1962-05-17
375237341517733,261,1,762,231,9,34945,27.4382,-80.444,89162,449,1980-09-23
3577422294643039,195,1,591,473,45,24579,37.598,-79.525,1389,277,1984-11-28
180067287276019,129,1,496,160,43,75224,32.7114,-96.8387,1263321,11,1942-12-23
346158148881070,191,1,240,108,14,60614,41.9229,-87.6483,2680484,158,1949-10-31
563399771804,120,1,176,602,4,90732,33.742,-118.3121,80777,178,1958-03-02
6011739970469471,231,1,453,139,35,43231,40.081,-82.9383,783285,385,2003-03-16
4641758231334848,121,1,498,596,4,92672,33.4361,-117.6231,63773,315,1966-05-03
379643474524550,279,1,967,483,34,10019,40.7651,-73.9858,1577385,15,1958-05-16
4056658833987411326,114,0,689,317,15,46227,39.6789,-86.1302,910148,347,1956-11-18
372294938173597,197,0,25,44,28,58316,48.8379,-99.7688,6486,370,1954-10-11
4216667080850960851,265,0,131,597,4,92126,32.9161,-117.1402,1241364,75,2004-04-28
4477251295786060,208,0,41,319,4,92612,33.6607,-117.8264,212569,460,1929-02-14
4210890285159,299,0,436,594,43,78245,29.4189,-98.6895,1595797,118,1971-08-17
30360776336911,28,0,327,266,43,75051,32.7115,-97.0069,174375,77,1993-12-16
2400666155416431,352,1,50,502,47,98513,46.9939,-122.743,167094,119,1940-03-30
3559626228225125,18,0,548,264,3,85395,33.479,-112.3947,67037,123,1995-04-29
3521053161177681,160,0,783,604,4,92701,33.7523,-117.8541,348131,489,1981-07-31
4382231164912,85,0,804,107,15,46304,41.6143,-87.047,24207,452,1931-04-12
4203265097753962,165,0,725,560,33,89521,39.3809,-119.6859,276896,359,1996-02-05
4560821371184254762,178,1,833,170,43,76210,33.1428,-97.0727,139552,285,1990-09-23
639085838253,57,0,305,589,23,55106,44.9684,-93.0488,753116,41,1961-03-01
38524014843994,340,1,281,619,46,5262,42.9614,-73.2166,2547,189,1973-02-01
4372450184819737,235,1,976,350,18,70068,30.0777,-90.4895,34101,274,1963-08-28
4692743811995372,282,1,153,748,22,48198,42.2439,-83.583,99318,84,1964-05-24
4417899698601,213,0,122,265,18,71245,32.5244,-92.7158,4718,482,1981-07-09
377980660392059,30,0,759,186,39,2914,41.8138,-71.3688,21963,228,1936-05-25
4885652715598355,288,0,667,475,48,53151,42.9822,-88.0946,39445,305,2001-08-17
342501394884880,72,1,132,301,9,33032,25.5303,-80.3918,155317,285,1947-07-07
3553703824073336,297,1,47,210,9,34223,26.9667,-82.3599,32269,442,1984-02-08
6545465535851251,295,0,931,474,31,7753,40.2096,-74.0714,37554,482,1968-01-11
4490797796124,14,0,734,700,4,93280,35.648,-119.4487,27152,456,1963-11-08
6011637484539864,67,1,912,135,43,75938,30.9007,-94.3916,2608,479,1971-12-08
4151169666725215,109,0,723,164,14,62522,39.8432,-88.9861,87793,415,1988-02-06
4120800564099513,328,0,836,657,9,33634,28.0068,-82.556,717255,25,1951-08-16
4529821739295786713,240,1,247,45,17,41514,37.6401,-82.2573,3491,379,1969-04-16
2615899886834520,163,0,675,728,35,45898,40.7346,-84.7777,1314,393,2003-06-11
213131499825087,12,1,578,261,25,39638,31.1903,-90.924,3333,154,1960-10-09
30399006314033,235,1,639,618,43,78155,29.5613,-97.9628,45341,169,1956-11-24
3566643749060726,234,0,280,357,48,53147,42.5881,-88.4554,16457,210,1989-03-25
4116318732807711309,288,0,709,157,4,90230,33.9949,-118.3991,46915,399,1969-07-19
3525425730662482,36,1,718,691,45,23454,36.8282,-76.0237,437994,443,1977-02-28
4688092550213068,0,1,144,608,4,95401,38.4432,-122.7547,209844,491,1978-08-13
377278532426423,138,0,87,425,14,62441,39.422,-87.6923,7395,334,1930-02-01
375628333393952,309,0,446,617,9,32976,27.8679,-80.5416,34445,43,1971-05-23
180027036924921,226,0,662,317,15,46220,39.8647,-86.1182,910148,488,1962-06-28
5300051553234153,215,0,527,303,11,96826,21.2941,-157.8284,403114,424,1976-05-15
4431271026767200,210,0,997,195,4,91732,34.0705,-118.0149,90977,58,1935-12-09
4354159709962540,69,0,520,147,3,86326,34.7055,-112.0091,23344,271,1932-03-26
342909046376603,238,0,587,583,1,36071,31.7062,-86.3715,766,233,1990-05-06
213102131251297,268,0,66,69,19,2324,41.9773,-70.9723,26563,88,1984-04-22
3521106330165837,185,0,284,182,0,99577,61.3114,-149.5085,25771,216,1960-11-29
3532532694968432,153,1,49,314,22,48444,43.0425,-83.0708,9327,390,1967-06-10
2401595919457572,142,1,834,322,9,32223,30.1548,-81.63,847415,322,2003-01-20
3560256265062293,324,0,740,534,34,14534,43.0695,-77.5141,31426,135,1984-10-20
38662705115791,102,0,683,242,34,12431,42.3815,-74.0623,1381,110,1972-09-09
371075633535748,182,1,336,202,15,46517,41.6469,-85.9728,97528,371,1954-08-10
4187794176342504,184,0,603,503,29,68114,41.2656,-96.0493,518429,383,1935-08-31
3540388436604433,50,0,573,205,10,30294,33.6166,-84.2939,39865,227,1961-07-29
3550105875256807,231,1,594,616,47,98133,47.7377,-122.3431,837792,119,1967-08-20
2285516517680861,227,0,149,108,14,60640,41.9719,-87.6624,2680484,214,1991-10-14
501837003323,339,1,672,487,45,23508,36.8859,-76.3004,242803,166,1992-12-03
581958263286,2,1,861,480,18,70130,29.9324,-90.0739,382333,213,2003-02-08
36321061339436,310,1,45,18,4,93420,35.1661,-120.4651,28413,171,1970-02-17
4789431910090048,327,1,930,96,17,42214,37.1177,-85.7038,682,231,1960-02-20
2262473107201137,173,0,108,552,34,11428,40.7208,-73.7433,67866,342,1971-10-05
676314473403,240,1,712,137,4,92324,34.0315,-117.2874,56505,39,1987-01-12
30255882556297,156,0,292,240,22,49733,44.8382,-84.6824,1965,368,1985-01-03
588295829232,286,0,887,72,42,37620,36.5686,-82.1819,39102,99,1973-05-07
4395613723081720,325,1,646,551,39,2904,41.8541,-71.4378,203571,61,1986-09-13
4094565346997993,18,0,553,145,34,11368,40.7453,-73.8611,109931,429,1993-05-26
4060717481131769,258,1,547,502,47,98516,47.1126,-122.7794,167094,352,1995-05-20
6011491872742049,206,1,396,478,6,6515,41.3293,-72.9664,128884,145,1949-03-02
373711222990773,135,0,858,737,35,44691,40.8094,-81.9483,43753,230,2006-06-29
4768321021923785840,169,1,625,188,5,80615,40.5273,-104.7146,7482,246,1928-05-14
213118498042533,291,1,787,204,47,98926,46.9996,-120.5163,30239,440,1968-04-17
4821781923653467,31,1,40,381,43,75067,33.0198,-96.9925,109212,404,1970-06-03
4716906181208,141,0,545,185,34,11554,40.7149,-73.5561,38132,468,1964-12-24
4517588914444981,88,1,943,482,9,32168,29.0247,-80.9584,33458,156,1966-08-04
4885379821432,71,0,767,686,15,46383,41.4547,-87.0656,78553,61,1986-09-26
502034778949,190,0,695,113,4,91911,32.6084,-117.0565,239879,46,1992-10-23
180021630900155,341,0,346,367,50,82072,41.4247,-105.4781,35371,465,1989-05-23
213121994711361,84,1,352,209,13,83617,43.9089,-116.4927,15422,478,1975-06-25
2377269608437689,129,1,942,336,38,19348,39.855,-75.7,22232,181,2003-03-07
4970931706956,133,0,773,483,34,10003,40.7313,-73.9892,1577385,134,1950-10-13
213106503121988,31,1,255,180,27,27713,35.9112,-78.9178,256789,413,1965-12-03
4487623039111425,197,0,235,701,7,20008,38.9363,-77.0599,601723,17,1994-02-20
675922395941,168,1,339,639,43,77477,29.6228,-95.5678,35897,117,2000-12-07
180087859964867,72,1,328,142,10,30012,33.7192,-84.0021,83685,305,1978-09-05
4362792463200,309,0,692,304,43,77077,29.7477,-95.603,2906700,242,1963-09-17
2720458870715534,109,0,296,456,26,59804,46.8467,-114.1698,90987,20,1991-12-05
374508917768087,246,0,663,629,14,60552,41.6383,-88.6816,4448,80,1998-05-14
570236936268,177,1,136,616,47,98103,47.6734,-122.3426,837792,390,1977-05-20
30498855829842,270,0,76,630,15,46628,41.7015,-86.2949,145459,323,1942-08-21
4372188566698,115,0,728,486,24,64668,39.3299,-93.6761,1416,342,1973-10-06
2263776936634396,269,0,617,545,21,4103,43.6876,-70.2876,65261,389,1927-02-06
30202455910246,125,1,909,538,48,53073,43.7526,-87.9779,15757,240,1972-01-17
4794281793406529,240,1,456,219,44,84025,40.9889,-111.8938,18255,364,1945-11-24
3521722145593763,150,1,386,551,39,2903,41.82,-71.4158,203571,208,1973-04-12
3572565920246174,301,0,409,139,35,43204,39.9523,-83.078,783285,30,1994-12-06
3550178332584863,307,0,89,597,4,92120,32.7958,-117.0707,1241364,359,1955-06-27
4767993593744031,234,0,93,383,26,59923,48.3773,-115.5391,9856,39,1988-04-26
676149079383,234,0,701,646,48,53177,42.6967,-87.9031,8329,69,1979-04-23
4244626325144889,231,1,37,590,31,8079,39.5591,-75.4521,10987,103,1996-05-10
30415152638403,325,1,232,745,45,23693,37.1256,-76.4469,45297,283,1953-03-10
2663239791378761,112,0,747,7,5,81210,38.82,-106.6603,275,272,1993-03-30
4988192778851900,273,1,869,344,20,21087,39.4558,-76.4147,5451,118,1957-04-02
6011851744600453,75,1,995,559,1,35481,33.3959,-88.0203,3668,267,1969-11-30
3530448818984845,49,1,621,604,4,92704,33.7249,-117.909,348131,467,1985-03-17
6011429831522912,231,1,236,41,43,77703,30.1132,-94.1197,142692,414,1955-03-24
30306396384526,156,0,411,530,3,85051,33.5591,-112.1332,1312922,159,1942-08-15
2242033016234192,0,1,68,584,4,95820,38.5347,-121.4451,757530,125,1970-05-12
6584732365337749,160,0,210,337,47,99336,46.2109,-119.168,90153,146,1974-03-11
2717543734764276,84,1,775,327,18,70546,30.2201,-92.6574,16425,298,1952-06-20
4019134438998278029,340,1,509,584,4,95841,38.6627,-121.3406,757530,466,2000-05-13
3516793350557386,119,0,130,740,25,39194,32.8594,-90.4031,20925,35,1982-09-04
2707233351040968,40,0,161,322,9,32208,30.3937,-81.6889,847415,430,1928-01-11
6511893940655787,238,0,910,396,4,90810,33.8193,-118.2325,471952,193,1975-03-19
4707392013546212,288,0,262,732,27,27105,36.144,-80.2376,250944,332,1961-02-07
3572989376297459,93,0,648,324,34,14701,42.0928,-79.244,40730,108,1983-10-20
2707692082832300,173,1,889,59,13,83709,43.5741,-116.2941,255947,436,1984-10-26
4318297168157,179,0,0,219,32,87401,36.7412,-108.1797,57780,82,1967-01-24
4255618444218294,234,0,815,432,1,35114,33.2317,-86.8727,7172,32,1981-05-04
501843655157,245,0,705,179,10,30096,33.9845,-84.1529,103980,406,1949-11-25
4080706336998791,133,0,112,734,45,22193,38.6438,-77.3451,184039,106,1930-07-02
4287738363816431,53,0,439,160,43,75217,32.7244,-96.6755,1263321,297,1988-01-03
4170646255402635582,240,1,182,736,45,24381,36.7879,-80.8824,3816,239,1979-12-22
3553888245279057,23,1,345,146,43,78410,27.8458,-97.596,306433,211,1949-01-17
4119787180933915,220,0,653,377,9,33971,26.6388,-81.6992,84918,487,1991-02-27
2486880023009156,273,1,806,650,3,85351,33.6061,-112.2797,45145,393,1989-11-24
3509365952014915,271,0,842,565,47,99352,46.2522,-119.288,48318,134,1975-08-26
2247455611404281,177,1,58,504,4,91761,34.0316,-117.6187,166856,38,1957-08-21
6011030835669103,145,1,323,249,20,20878,39.1125,-77.2515,135332,44,1959-04-07
3577682938440130,108,0,541,360,24,63367,38.7936,-90.7854,19433,45,1966-04-27
3585991449207494,270,0,966,483,34,10002,40.7152,-73.9877,1577385,452,1978-08-10
3540849932312342,264,0,986,397,5,80504,40.1306,-104.9504,117461,334,2001-05-09
3548389359538287,261,1,561,91,14,60013,42.2196,-88.2426,26872,432,1963-01-14
180096561308768,48,1,863,79,10,39828,30.8768,-84.2091,18992,220,1967-10-09
180000273008690,145,1,171,391,4,93543,34.4891,-117.9708,13033,487,1965-01-25
213194149150769,256,0,774,339,12,52632,40.4094,-91.3982,13086,231,1951-11-12
4207266292508177606,351,1,80,615,38,18504,41.4128,-75.6861,95251,165,1969-11-06
343561781703217,43,1,374,480,18,70131,29.9168,-89.996,382333,181,1942-11-24
4295026480164403731,240,1,816,89,25,39427,31.4814,-89.8279,1314,79,1991-09-22
4486298579736385,83,0,559,253,35,44041,41.8029,-80.9474,14979,354,1983-01-15
180061770673683,273,1,79,191,5,81632,39.6382,-106.6206,10276,148,1981-10-11
2295058714692181,229,0,268,488,19,1247,42.6955,-73.08,16087,472,2006-11-19
4998480220509,326,0,874,530,3,85037,33.4913,-112.2468,1312922,111,1996-12-20
213114578870711,133,0,690,686,15,46383,41.4547,-87.0656,78553,489,1998-08-09
3568299687225892,80,1,857,434,45,23111,37.6281,-77.3395,63718,196,1964-05-12
6595790012482554,98,1,964,463,4,92557,33.9553,-117.2457,193933,424,1989-03-01
4562415285720,315,0,275,515,43,75801,31.7588,-95.6342,39196,276,1972-02-28
2706550784685098,122,1,313,467,42,37130,35.8478,-86.3647,158701,382,1971-08-03
3540153641547151,279,1,267,187,38,18042,40.6516,-75.224,83703,416,1959-10-10
676242141056,64,0,991,621,20,20906,39.084,-77.0613,282095,112,1930-07-03
4622586605989,156,0,434,108,14,60640,41.9719,-87.6624,2680484,336,2001-03-24
4491165020002456,231,1,331,75,34,11208,40.6762,-73.8736,2504700,273,1987-10-18
213114448896698,224,1,378,9,43,79118,35.0763,-101.8349,220580,4,1992-10-02
373183281231236,215,0,495,174,1,36303,31.2668,-85.3971,80446,77,1980-07-14
4508276817226,309,0,582,334,22,49048,42.3189,-85.5152,158937,77,1999-02-18
4608271721736,70,0,929,251,4,90249,33.8998,-118.3199,84103,462,1989-06-07
4659143882325537,273,1,844,735,34,11421,40.6913,-73.8585,39127,366,1982-12-01
4095449791279970296,72,1,416,6,37,97321,44.652,-123.1333,58967,387,1982-10-11
213122012560830,63,0,802,578,31,8555,40.2214,-74.4747,877,195,1979-02-14
4443619951716,131,1,915,162,35,45417,39.7528,-84.247,479994,466,1968-06-01
4483093096711,84,1,142,676,31,8618,40.2377,-74.7821,270100,128,1979-08-05
6520191116612206,40,0,589,303,11,96815,21.2811,-157.8266,403114,173,1974-05-10
213124211408688,67,1,523,376,9,34748,28.808,-81.8858,55765,469,1970-06-20
5139952970137126,101,1,585,647,45,23434,36.7304,-76.5931,84522,132,1994-06-23
347387402990710,160,0,333,720,47,98595,46.8836,-124.1061,2917,135,1977-05-24
3503010956797562,312,1,800,172,12,50316,41.6092,-93.6,222785,202,1980-06-29
6011108018103064,200,0,177,341,27,28086,35.2516,-81.3806,25895,126,1982-08-15
30138067130734,118,0,848,70,44,84302,41.5079,-112.0152,23703,450,1995-09-06
36694703180537,352,1,629,173,22,48219,42.426,-83.2495,673342,346,1930-11-15
213127000466619,109,0,116,656,9,32311,30.4156,-84.187,245317,29,1936-09-07
213194905315200,91,0,502,330,35,43031,40.1445,-82.6973,12318,389,1976-04-16
3516698416612374,102,0,443,712,34,10993,41.209,-73.9821,4769,473,1943-01-18
502042620372,31,1,166,3,19,1001,42.0702,-72.6227,16769,73,1977-05-05
180021170889487,21,1,647,481,18,70760,30.7014,-91.4421,6993,356,1945-12-06
3585708200480676,112,0,706,570,9,33578,27.8633,-82.3499,85490,74,1994-02-11
4968827697040953141,319,1,560,535,4,92870,33.8744,-117.8543,52033,89,1967-05-20
4096496683496043,166,0,35,324,27,27282,35.999,-79.9293,15906,287,1975-05-30
4089348688390624676,52,0,924,225,17,41219,37.9231,-82.9221,2053,95,1967-04-09
4361337605230458,201,0,28,502,47,98513,46.9939,-122.743,167094,81,1973-06-12
4966177182498980888,328,0,825,671,48,54486,44.7299,-89.0569,2290,153,1965-02-15
6011969874869415,115,0,12,311,1,35802,34.6679,-86.5603,190178,202,1995-04-26
30160398863650,90,1,900,221,27,28301,35.0743,-78.8836,238602,41,1963-07-06
4894204664896676,150,1,216,450,19,1757,42.1511,-71.5274,28061,454,1964-04-28
4623546622650,240,1,605,42,37,97006,45.5201,-122.8604,183865,100,1955-07-01
6574625916011247,240,1,491,125,9,34711,28.5525,-81.7574,81987,410,1956-01-03
4129957047264261,24,0,403,430,42,37806,36.0844,-83.7411,2868,467,1976-05-16
345482421838545,139,1,72,527,38,19121,39.9811,-75.174,1526206,119,1986-02-10
180091776334279,72,1,228,287,34,11788,40.8231,-73.1958,16821,202,1988-03-30
630493588242,217,0,3,148,12,51501,41.2324,-95.8751,71782,349,1988-09-03
344445446083851,240,1,813,315,24,64056,39.1177,-94.3596,123373,125,1965-10-01
180099969882905,111,1,278,113,4,91911,32.6084,-117.0565,239879,28,1943-02-02
3524238397283398,274,1,876,236,4,92708,33.7102,-117.9503,56004,453,1966-05-09
213122101023203,11,0,673,715,31,7093,40.7888,-74.0115,60884,434,1943-07-06
2260384531980745,156,0,544,595,4,94070,37.4969,-122.2674,29166,13,1980-01-19
4967150066664110652,106,1,350,664,20,20748,38.8222,-76.9478,38792,318,2001-10-03
676190583663,177,1,905,438,3,85210,33.3887,-111.8428,478404,362,1929-02-15
213178791505966,65,0,772,57,40,29910,32.2513,-80.8721,33954,113,1978-12-18
3560418095217550,190,0,782,365,38,17602,40.0335,-76.2844,164596,480,1992-03-13
4199626422297585,195,1,540,40,47,98604,45.7907,-122.5318,34232,262,1992-07-16
4570900163564076,62,0,295,118,34,14031,42.981,-78.6162,9392,384,1948-03-17
3531261685071052,323,0,203,387,3,85340,33.5098,-112.4135,26262,91,1928-07-31
6011053709230075,22,0,8,437,30,3054,42.8667,-71.5128,25477,447,1958-05-09
3569893652944716,150,1,360,637,2,72764,36.1716,-94.0428,85572,60,1979-12-20
180032174357488,255,0,697,151,43,75114,32.5975,-96.4637,4660,182,1966-04-22
4253646280553,20,0,73,406,31,8048,39.9651,-74.8067,12495,170,1998-07-20
371074091311171,260,0,29,248,45,20155,38.8157,-77.6216,29411,309,1976-04-30
6535412012275952,300,0,17,55,14,61704,40.4705,-88.9433,84349,151,1968-01-10
4950740717327980591,236,0,109,510,17,42303,37.7559,-87.0803,81349,496,1928-10-22
5145203608941188,108,0,606,273,27,27858,35.5866,-77.3485,108695,199,1964-05-31
371006799006968,330,1,871,452,48,53222,43.0828,-88.0269,817312,378,1939-04-18
3549530067762557,2,1,178,408,18,70071,30.0447,-90.7008,3653,428,1979-04-06
4334511009060539,1,0,441,86,34,10512,41.4432,-73.6815,25590,183,1954-10-22
30598875921295,248,0,611,687,47,98662,45.6914,-122.5805,299480,413,1971-12-19
3507115238023624,48,1,580,51,38,18017,40.6622,-75.3903,123241,294,1992-09-14
180038558819597,252,0,172,549,35,43065,40.1834,-83.0912,38821,482,1983-10-04
4284540182272009,64,0,239,352,42,37086,36.0127,-86.56,31513,176,1970-04-14
6599302020304238,287,1,521,695,27,27051,36.18,-80.1629,7369,269,1959-11-10
676305937770,133,0,832,410,47,98087,47.862,-122.2532,92865,138,1967-11-07
30469029831048,85,0,968,426,48,54449,44.6615,-90.1784,26418,397,1975-01-19
6506362198655045,195,1,86,382,40,29073,33.8632,-81.2351,90341,277,1987-10-22
30322626114245,73,0,584,586,24,63074,38.7259,-90.3864,15164,409,1966-01-08
3596234199643387,127,1,480,520,20,21234,39.3876,-76.5418,69752,423,1957-08-24
3511587605457698,240,1,950,24,31,8401,39.3664,-74.4317,39554,312,1931-05-09
4212545080951,327,1,158,693,11,96792,21.4352,-158.1781,48519,250,1974-02-08
30423591426141,31,1,897,632,1,36527,30.6959,-87.8867,12109,255,1980-03-08
4310081785221,327,1,845,659,43,76574,30.5807,-97.4401,17661,363,1926-11-24
2532086523777292,154,1,387,228,34,11358,40.7606,-73.7968,219342,53,1996-02-17
501827221422,110,0,614,349,14,60526,41.8318,-87.874,13576,317,1977-01-27
4313695528620926,208,0,528,594,43,78227,29.4027,-98.6433,1595797,491,1966-05-08
575735323660,45,1,616,657,9,33624,28.079,-82.5268,717255,309,1991-10-07
4010712615835,312,1,180,150,38,16066,40.7097,-80.1046,28060,322,1967-02-10
4332228019442589,346,0,230,641,21,4084,43.8142,-70.4807,8088,493,1974-01-13
4311804674130,0,1,430,331,37,97910,42.8801,-117.281,641,61,1961-08-22
180063975615477,18,0,157,299,9,33020,26.0161,-80.1517,420284,275,1993-02-10
3593957875207027,6,1,20,483,34,10024,40.7864,-73.9764,1577385,76,1931-03-29
3596789760987315,72,1,202,109,35,45601,39.338,-82.9895,57842,426,1986-06-29
4943191654307,326,0,321,395,14,60148,41.8721,-88.016,51468,223,1951-01-27
30000268764481,234,0,985,674,20,21286,39.4143,-76.5761,39459,338,1962-02-27
4537309649694,75,1,956,497,4,92057,33.2407,-117.3025,188742,298,2006-04-01
2229276364315942,316,0,655,401,4,90065,34.1073,-118.2266,2383912,184,1969-04-08
3569993934497432,208,0,102,606,4,90670,33.9464,-118.0838,14866,483,1993-10-03
4132109720217076,123,1,472,1,14,60101,41.9335,-88.0054,39119,250,1962-06-08
5593900251213750,295,0,598,702,48,53185,42.7632,-88.1974,18551,439,1989-09-23
6011113885034236,279,1,347,553,27,27606,35.7645,-78.7112,489514,90,1980-10-28
6580085294690215,227,0,179,243,34,11520,40.6536,-73.5866,43341,427,1962-11-23
180066527523321,192,0,211,537,29,68048,40.9992,-95.9139,12422,8,1967-06-22
38116750762791,215,0,26,309,43,77346,30.0042,-95.1728,194500,385,1957-06-20
503884719017,159,1,251,584,4,95823,38.4797,-121.4438,757530,330,1982-12-26
3577546199240655,231,1,741,404,19,1852,42.6344,-71.2983,106541,313,1985-10-23
3537337912121102,40,0,588,29,43,78758,30.3764,-97.7078,940359,383,1992-08-02
3551999452951718,72,1,444,268,26,59404,47.5098,-111.3405,72079,95,2000-03-24
3533083344470485,289,0,478,241,45,22405,38.3365,-77.4366,156008,158,1970-10-27
6532956342777528,57,0,623,682,4,94587,37.5895,-122.0497,69516,115,1990-04-01
4115630295596363,83,0,632,501,34,14760,42.0821,-78.426,18775,34,1977-07-20
3585133138004987,290,0,140,260,3,85302,33.5675,-112.1753,280389,406,1989-08-02
180087640191853,94,0,431,23,10,30311,33.723,-84.4702,900273,200,1960-09-03
4464196234219266,271,0,46,37,43,78003,29.7276,-99.0453,8689,180,1991-09-20
2597269999498120,175,1,376,390,31,7739,40.3354,-74.0413,5938,3,1994-07-09
180031050524385,309,0,829,159,4,90630,33.8181,-118.0357,47993,487,1940-06-27
4633283896337614,172,1,685,497,4,92057,33.2407,-117.3025,188742,401,1991-05-08
4883527918750676,170,1,596,139,35,43229,40.0839,-82.9726,783285,219,1991-11-04
3561781596983841,131,1,273,214,0,99701,64.644,-147.5221,63999,318,1993-07-21
5557349899255399,96,0,440,550,21,4069,43.89,-70.1955,1465,374,1988-10-23
4799670808974748590,290,0,839,9,43,79106,35.1977,-101.8949,220580,171,1965-01-02
6598044509286053,335,0,630,500,36,73159,35.3922,-97.5567,640470,51,1983-10-14
4813088983057488391,212,0,564,437,30,3054,42.8667,-71.5128,25477,298,1993-07-10
4661995305641840,255,0,473,443,34,14105,43.2183,-78.4841,4566,138,1927-08-10
2236510344442991,322,0,568,289,48,54531,45.7745,-89.7478,1454,121,1962-11-13
3572562221905335,327,1,54,588,10,31558,30.7735,-81.5652,20373,186,1984-04-15
213150712455316,72,1,373,640,38,15687,40.1386,-79.3445,1476,372,2001-02-06
4488395855852296,234,0,513,532,9,33781,27.8387,-82.7151,46772,270,1993-11-14
379147744735350,256,0,730,564,4,92376,34.1132,-117.3771,101505,386,1938-01-01
213161133892607,175,1,159,109,35,45601,39.338,-82.9895,57842,7,1954-01-11
4521746535378012,190,0,752,108,14,60659,41.9972,-87.7166,2680484,470,1998-11-17
4299946645094,195,1,11,6,23,56307,45.6151,-94.574,5157,13,1963-01-13
4189684424648844,215,0,572,94,43,75104,32.5885,-96.9438,45373,108,1942-12-17
4179789124883971,309,0,843,224,22,49633,44.5721,-85.2531,3703,136,1993-10-13
4388568119397818,96,0,996,200,42,37643,36.3445,-82.2015,33689,261,1961-10-28
4158807053261,7,1,410,223,18,71334,31.6602,-91.5502,9839,424,1930-06-20
4513609085818102,99,0,391,508,23,55369,45.1284,-93.4589,65312,422,1993-07-07
30135896933536,268,0,583,284,29,69346,42.3946,-103.8318,592,240,1932-11-24
6539792551164360,340,1,395,123,42,37040,36.522,-87.349,151785,135,1963-05-19
6011534281644163,42,1,371,345,24,63501,40.1908,-92.5856,21532,445,1960-05-09
4763628144471893955,276,1,75,411,43,78052,29.2366,-98.7945,6388,401,1980-08-09
4513587271743068815,265,0,38,198,14,60119,41.8824,-88.4611,10371,435,2002-06-19
4364770413090,10,0,864,304,43,77061,29.6652,-95.279,2906700,57,1956-03-07
3557720441007949,34,0,398,576,36,74954,35.4538,-94.5291,4590,432,1999-10-18
30264963225178,290,0,48,551,39,2909,41.8206,-71.4443,203571,496,1970-12-15
6011630702867209,327,1,957,378,42,37772,35.7883,-84.2188,26526,164,1976-07-19
30500173259006,268,0,317,31,34,11702,40.6642,-73.341,14498,372,1952-01-22
4045461719281704,173,0,243,441,15,46360,41.698,-86.8699,43625,149,1992-04-16
3547726903265514,86,1,799,293,25,38632,34.8096,-90.0095,24377,94,1974-10-19
4589126864986470,182,1,393,301,9,33030,25.4766,-80.4839,155317,443,1946-06-21
30499216400695,248,0,934,574,6,6067,41.6583,-72.6632,19709,405,1955-03-18
2249865462202121,70,0,552,304,43,77073,30.0198,-95.4087,2906700,435,1983-04-12
30391900889913,40,0,925,354,4,92637,33.615,-117.7114,45303,167,1964-06-17
3590608548186741,145,1,989,145,4,92882,33.8419,-117.6043,233717,81,1958-10-20
213151985458292,342,1,420,100,23,55316,45.17,-93.3819,23089,329,1931-04-24
3549466720108245,308,1,824,661,45,24651,37.1078,-81.51,6314,185,1975-03-11
4208581745273533,156,0,711,278,1,35565,34.2314,-87.5938,13485,445,1941-04-17
213161255904610,305,0,53,312,4,93234,36.2371,-120.102,6987,198,1947-10-08
3532961512048509,172,1,457,136,5,80902,38.7536,-104.8063,525713,21,1989-08-05
373472435861760,176,1,282,124,23,56224,44.3943,-95.0474,333,129,1981-12-31
6584947712903502,18,0,492,326,24,65109,38.5773,-92.2443,68677,107,1961-05-23
576682121560,290,0,551,399,32,87544,35.8663,-106.2676,17950,488,1971-04-01
213173063435943,187,0,199,554,35,44266,41.1649,-81.2337,33581,427,1996-08-27
5402125434123012,240,1,390,381,43,75067,33.0198,-96.9925,109212,86,1953-11-01
502014003474,277,0,204,428,15,46151,39.4776,-86.4668,30921,492,1956-09-27
2714785501137532,124,0,744,741,2,72687,36.2253,-92.7245,6461,370,1928-09-24
2316088197223993,221,0,192,159,43,77429,29.9766,-95.6358,122803,5,1972-11-29
377800244323620,58,0,81,167,34,11729,40.7591,-73.3257,28032,16,1996-10-04
2391395215016426,145,1,362,66,6,6334,41.5465,-72.1711,2592,95,2000-01-20
180081300416916,277,0,224,533,27,28134,35.0709,-80.8859,9453,437,1970-07-23
4348110501474,156,0,901,384,27,28092,35.4851,-81.1818,38570,271,1941-11-22
38512395978158,140,1,975,277,31,7840,40.8529,-74.8343,29849,130,1978-10-13
4772051710730871565,270,0,385,633,40,29303,34.9803,-81.9168,129573,154,1968-12-16
180072602925464,240,1,303,669,35,43076,39.8974,-82.4071,9051,206,1979-02-01
4135386762592387,154,1,67,749,3,85367,32.6566,-114.4042,141891,48,1935-02-25
580892739617,328,0,421,126,43,77327,30.33,-95.0202,34153,395,1959-08-09
2710384227362733,72,1,279,364,24,64759,37.5191,-94.3364,8244,367,2002-09-18
2516204298514481,156,0,227,401,4,90045,33.9631,-118.3941,2383912,147,1943-02-27
213114264710684,8,1,326,274,6,6340,41.3572,-72.0579,31242,165,1948-02-17
4693172947638083909,249,0,30,621,20,20904,39.0668,-76.9969,282095,365,1988-01-22
4635049602667653,286,0,466,111,4,91709,33.9797,-117.7308,74796,466,1985-10-12
180040675602088,9,0,307,742,43,77995,29.284,-97.1306,9567,299,1992-05-27
4890932253332023512,18,0,22,213,24,64024,39.3326,-94.2746,16230,400,1985-03-08
3533243629620804,131,1,257,238,14,60423,41.5094,-87.8248,30423,476,1959-01-23
502023763175,167,1,115,738,20,21678,39.2963,-76.1008,2301,82,1926-10-24
3517536264752869,90,1,106,527,38,19130,39.9677,-75.1735,1526206,191,1986-02-25
4240321153550514324,49,1,101,113,4,91914,32.6588,-116.9652,239879,207,1978-06-07
4581920487704,160,0,340,724,48,53190,42.8272,-88.7429,19200,493,1974-03-20
4640858588382563,242,0,97,196,43,79924,31.9021,-106.4149,749635,262,1998-08-24
4225018256247282,156,0,13,32,17,40003,38.2608,-85.0651,1902,484,1999-09-23
503866045092,133,0,419,211,4,92026,33.1605,-117.0978,171802,74,1977-03-16
213122471193602,240,1,289,247,1,35907,33.8979,-86.0245,67082,319,2003-05-10
6011643850095374,72,1,626,605,4,95062,36.9721,-121.9881,97900,327,1952-03-22
4642316544137277688,134,0,361,545,37,97267,45.4021,-122.6144,841711,229,1951-11-15
2687017999324205,304,0,454,262,45,23061,37.4126,-76.5464,21208,278,1984-05-13
6579025485362680,191,1,404,496,4,94610,37.8126,-122.2443,381459,258,1985-05-29
3535990093781466,31,1,152,160,10,30132,33.9163,-84.8278,79338,43,1988-02-11
4646726368154185,144,1,290,607,4,90405,34.01,-118.4717,92043,254,1963-10-06
573566050338,157,1,77,698,34,12590,41.595,-73.8876,35102,102,1996-06-18
3519087886538599,271,0,965,462,4,94575,37.7772,-121.9554,16203,454,1978-03-29
4186706632016290736,332,1,927,597,4,92104,32.7454,-117.1272,1241364,130,1993-01-05
30170864942698,103,0,367,493,38,15137,40.3762,-79.8124,10228,451,1984-12-26
2720587305498249,81,0,311,599,4,95112,37.3476,-121.887,973849,3,1974-11-28
4589016492815037,322,0,104,545,43,78374,27.8935,-97.3169,16620,168,1995-10-28
4726282968244854,252,0,304,714,37,97068,45.3669,-122.648,28305,369,1969-05-28
630491961276,156,0,213,369,4,94939,37.9367,-122.5362,6859,144,1978-01-08
372458701204240,58,0,914,47,29,68005,41.1497,-95.9099,60409,293,1958-12-31
36039670243654,44,0,555,527,38,19128,40.0402,-75.2231,1526206,198,1985-03-19
4597738546623238,160,0,990,69,45,22812,38.3859,-78.9937,8927,383,1951-04-03
4986226992066617996,156,0,999,121,38,18411,41.4878,-75.7057,21985,367,1968-09-05
6011413482084935,28,0,139,309,43,77345,30.0566,-95.1707,194500,56,1969-05-06
6011914304913417,5,1,298,110,4,91710,34.0125,-117.6844,83727,136,1970-09-09
589208235301,208,0,928,75,34,11228,40.6174,-74.0121,2504700,112,1935-09-12
4796618695729,253,0,445,105,45,22901,38.0936,-78.5611,112588,494,1971-11-24
38732175036197,255,0,607,35,24,63011,38.6091,-90.5598,92608,175,1991-10-08
4474890476078623517,318,0,518,308,38,17737,41.256,-76.7141,6220,141,1972-06-17
373409185805589,249,0,758,321,10,30233,33.282,-83.9784,23218,480,1953-03-06
30004093045413,177,1,826,304,43,77081,29.7119,-95.4845,2906700,174,1988-07-21
4886407880267,122,1,649,340,43,76543,31.1172,-97.6651,164094,158,1984-05-24
213167089870927,23,1,926,299,9,33026,26.0229,-80.2974,420284,79,1954-12-20
5458485805263216,37,0,736,530,3,85009,33.4564,-112.1284,1312922,5,1966-12-10
4082317146199539464,298,1,271,471,34,10954,41.0977,-74.0109,23045,9,1951-04-11
4257870368605063064,156,0,34,304,43,77088,29.8817,-95.4539,2906700,498,1981-01-28
676212030255,66,1,392,642,34,10308,40.5518,-74.1526,468730,498,1951-02-08
374544920548943,238,0,126,522,27,28133,35.0054,-80.2829,2878,435,1992-08-23
4456622952174,215,0,43,652,38,18847,41.9487,-75.5862,6024,243,1967-11-02
6011235158501532,240,1,169,201,4,95757,38.4081,-121.4294,162646,279,1954-10-14
4413395479406453,73,0,795,507,9,32837,28.3949,-81.4179,878243,317,1952-06-19
371833597487680,339,1,249,500,36,73108,35.4445,-97.5619,640470,22,1968-10-07
4973239644028,299,0,274,108,14,60641,41.9453,-87.7474,2680484,187,1970-09-18
4209140169332843,107,0,207,691,45,23455,36.8881,-76.1446,437994,265,1997-07-04
30569991383108,33,0,334,598,4,94102,37.7813,-122.4167,805301,331,1979-08-22
6570703850360591,109,0,424,693,11,96792,21.4352,-158.1781,48519,295,1970-03-23
346200363856468,246,0,604,285,6,6120,41.786,-72.6758,123919,476,1973-07-25
6011995504932661,108,0,469,543,9,34952,27.2889,-80.298,181438,435,1992-10-07
4594853400127623,46,0,433,719,19,2493,42.3589,-71.3001,11261,417,1971-02-27
4058416806134954,145,1,63,152,20,21114,39.0112,-76.6802,25225,2,1985-05-19
5280926166201653,133,0,868,46,22,48111,42.1949,-83.4854,42313,390,1995-02-18
4006875868240516653,90,1,451,593,17,41465,37.7325,-83.0298,11979,123,2003-11-09
180008357017032,156,0,250,108,14,60632,41.8093,-87.7052,2680484,426,1975-11-11
4909619797978,66,1,426,5,35,44313,41.122,-81.5685,272134,419,1944-09-16
377480957394058,209,0,610,138,40,29203,34.0635,-81.0265,333497,36,1986-10-24
4849073420319778,169,1,955,504,37,97914,44.0416,-116.9783,19205,2,1981-01-23
4841962332605860,242,0,691,63,4,91905,32.6719,-116.32,1700,161,1936-05-23
4518178824261,286,0,993,41,43,77703,30.1132,-94.1197,142692,373,1972-01-23
4379006548708470,351,1,778,431,43,78656,29.8953,-97.8144,2271,408,1975-04-03
3589458962683846,177,1,23,141,27,28613,35.7313,-81.2165,22759,196,1973-11-04
676351881294,235,1,191,74,34,10457,40.8486,-73.8999,1382480,28,1953-09-13
4298268933484,235,1,713,429,42,37804,35.7991,-83.8852,81474,330,1991-08-08
3507731231555055,160,0,198,285,6,6120,41.786,-72.6758,123919,296,1976-08-31
4470123503687156899,24,0,982,476,38,17349,39.7423,-76.6841,7570,240,1976-04-14
4640163295735,261,1,602,189,27,27288,36.5,-79.759,24071,125,1965-02-04
213102915854233,87,1,515,645,10,30087,33.8105,-84.1361,112402,20,1984-12-12
30462159584172,95,0,173,351,4,92253,33.6685,-116.3081,37262,66,1945-01-20
2261344760948374,276,1,297,217,38,17320,39.7808,-77.3619,7823,167,1971-03-14
3599621836677199,252,0,111,122,17,42726,37.4336,-86.2083,4667,114,1967-02-26
213113768367595,257,1,160,734,45,22193,38.6438,-77.3451,184039,492,1981-06-29
30465642601867,85,0,206,183,40,29642,34.7901,-82.5937,60135,301,2003-05-06
3503850255134441,301,0,891,165,12,52101,43.3227,-91.7939,13864,193,1994-12-08
374932511497887,181,0,215,581,43,75089,32.9346,-96.5544,54963,391,1957-04-15
60485800183,169,1,923,403,5,80537,40.3849,-105.0916,82751,384,1941-06-16
676268564256,262,1,805,78,38,16001,40.8859,-79.934,56248,216,1958-08-22
503830286558,314,0,254,370,33,89134,36.2092,-115.2941,1417793,65,1927-09-03
2296338222240056,90,1,218,415,48,53704,43.1205,-89.3523,272940,489,1981-01-13
4339133252861323942,126,1,242,746,35,44505,41.1257,-80.6277,163222,3,1942-07-27
4209536773495,199,0,753,634,43,79081,36.1927,-101.1952,3912,268,1930-11-10
3547625380966414,94,0,382,477,21,4554,43.8605,-69.5079,710,192,1953-01-19
4324367924157120,232,1,837,439,9,33194,25.5584,-80.4582,1737737,329,1967-02-04
4939981615381168379,45,1,742,370,33,89179,36.2542,-115.5269,1417793,489,1968-05-19
213164931214636,195,1,266,115,35,45239,39.2045,-84.5799,795220,159,1959-05-25
3503694811266499,179,0,78,157,4,90230,33.9949,-118.3991,46915,90,1951-08-26
3599490133344378,325,1,359,670,4,91360,34.2092,-118.8739,78447,344,1962-06-08
213116049910042,235,1,893,232,2,72904,35.4051,-94.3872,90141,62,1994-05-14
4348548420353162,20,0,919,499,44,84404,41.2627,-111.9837,186422,380,1965-06-28
4194024702885,276,1,300,561,47,98059,47.5058,-122.1157,141407,64,1972-12-09
36463913810741,218,1,946,665,4,93465,35.5551,-120.7107,9153,269,1976-11-03
4616845525274102,67,1,186,484,8,19711,39.7011,-75.7375,138967,402,1972-09-30
2715675635584221,158,1,677,577,34,13440,43.2193,-75.4498,43037,72,1986-07-08
630486240876,259,0,679,710,48,53090,43.4438,-88.1963,49012,83,1983-04-01
6011381152232821,65,0,849,255,38,17325,39.832,-77.2223,27619,79,2001-03-31
2245113505357220,255,0,644,52,22,49307,43.6897,-85.4797,20112,415,1931-11-09
571945341956,293,1,459,105,45,22902,38.0266,-78.4804,112588,109,1964-05-05
4063578037891216,79,0,384,48,22,48072,42.5028,-83.1887,14970,470,1952-12-18
4696904528986064,39,1,749,731,6,6098,41.9252,-73.0663,12426,351,1953-09-16
2269802530843763,219,1,460,524,4,92571,33.811,-117.218,106213,197,1979-07-30
213104172415534,329,1,855,625,41,57107,43.5566,-96.8028,161141,24,1956-07-10
4257033329594520,320,0,830,173,22,48217,42.2719,-83.1545,673342,311,1998-12-23
4742922041678210,133,0,708,725,4,90604,33.9299,-118.0121,189948,286,1992-12-31
4485022061901930,233,1,974,723,14,60090,42.134,-87.9341,37633,18,1985-05-01
2292256471855941,0,1,51,597,4,92108,32.7783,-117.1335,1241364,370,1981-10-17
4437019453911776664,127,1,618,694,20,20603,38.6294,-76.9769,78078,47,1989-07-26
4311678706763538,66,1,862,41,43,77707,30.0686,-94.1755,142692,183,2000-07-10
3530003753989232,240,1,669,480,18,70123,29.9511,-90.206,382333,108,1974-11-07
30376591538200,28,0,529,400,4,94024,37.3547,-122.0862,40885,183,1958-03-20
4553375656976486,157,1,261,544,35,43837,40.3404,-81.5215,1973,463,1977-07-19
5506276729350979,209,0,143,512,20,20745,38.8108,-76.9898,28451,163,1954-02-15
4797251840703398216,104,1,389,455,23,55449,45.1697,-93.1889,1022298,314,1942-10-15
6011286301122007,309,0,435,171,5,80215,39.7435,-105.1009,990452,356,1993-02-24
3571360549469204,203,0,907,699,39,2886,41.7026,-71.4476,77398,42,1944-12-18
4175808038890441041,32,1,700,409,20,21093,39.4332,-76.6546,36465,376,1971-01-12
4901685647179,284,1,200,689,25,39180,32.3258,-90.8506,48264,80,1944-11-17
6011199767598331,57,0,508,604,4,92701,33.7523,-117.8541,348131,288,1991-07-22
372853533998243,57,0,785,697,4,94596,37.9053,-122.0549,82557,221,1966-04-12
4302853272769,160,0,511,447,30,3588,44.587,-71.181,1641,411,1975-07-21
30308972073820,337,1,129,532,9,33782,27.8681,-82.7086,46772,0,1998-08-16
4024234473057775,28,0,998,294,9,33013,25.8594,-80.2725,347944,325,1975-02-03
213134400952248,332,1,536,75,34,11214,40.6016,-73.9968,2504700,212,1962-08-29
3573601579115011,23,1,9,13,12,50021,41.7212,-93.5682,49581,457,1956-06-14
3583354883571929,49,1,154,76,17,42210,37.2229,-86.2923,4236,132,1987-11-25
4652824685492726,102,0,220,75,34,11233,40.6784,-73.9211,2504700,252,1988-01-24
2710854327163033,345,0,381,98,32,87010,35.423,-106.1317,1139,44,1933-10-29
180081048028353,240,1,938,483,34,10024,40.7864,-73.9764,1577385,334,1997-04-01
4812268159474702,300,0,114,412,22,48044,42.6442,-82.8985,79580,343,1999-03-31
4891426937650167,276,1,786,104,27,28212,35.1908,-80.7448,790689,179,1989-03-28
502062762922,74,1,811,598,4,94116,37.7441,-122.4863,805301,155,1974-07-14
4598125597772659763,105,1,577,254,20,20874,39.1355,-77.2822,82863,239,1964-04-19
30391295651886,160,0,609,342,10,31548,30.7977,-81.7075,20020,149,1971-12-31
676330293017,37,0,19,743,34,10701,40.9461,-73.8669,177756,19,1981-09-18
4336931806200732,13,0,676,643,10,30458,32.4408,-81.774,54956,79,1971-11-18
377406873544534,91,0,704,525,21,4667,44.9888,-67.0929,1638,243,1985-06-05
6011673664853205,291,1,879,25,19,2703,41.9296,-71.3009,43593,207,1967-10-12
213150450509282,98,1,751,230,40,29707,34.9773,-80.8584,67600,369,1992-08-26
4038016258515020453,8,1,364,244,4,93720,36.8579,-119.7655,570271,218,1991-09-02
3531112359042657,75,1,870,446,23,56353,45.7795,-93.6453,8996,161,1978-11-29
2256091935117453,288,0,716,250,4,95633,38.8665,-120.8567,3349,90,1926-11-29
6011215756264121,252,0,197,190,31,8820,40.578,-74.3589,100058,73,1977-10-18
3516704505998227,325,1,322,155,43,77954,29.091,-97.2812,11506,77,1928-09-06
346450282313428,169,1,745,61,19,2115,42.3427,-71.0922,386505,212,1976-02-14
4369531029771152,11,0,797,19,4,93203,35.1966,-118.8336,20938,54,1949-11-23
2329108739221985,85,0,754,156,45,22701,38.5117,-77.9928,31444,290,1966-04-08
675945991536,31,1,212,427,40,29836,33.1093,-81.5003,482,488,1943-06-25
503895867607,90,1,941,168,34,14042,42.4926,-78.4793,3969,401,1978-04-01
30210513346014,177,1,408,4,4,91301,34.1227,-118.7573,25488,437,1990-07-27
213163603891739,248,0,898,279,43,76117,32.8087,-97.2709,30645,110,1977-08-12
675916348500,268,0,246,58,9,33434,26.3839,-80.1749,210202,291,1993-05-24
376192767137715,240,1,641,85,32,88220,32.4119,-104.2395,33725,21,1997-08-07
4402234614463,306,0,314,77,10,31525,31.2804,-81.5305,63812,154,1940-10-27
180036470465689,341,0,380,20,45,20147,39.0373,-77.4805,82396,321,1992-09-19
4912706593410401,145,1,127,729,17,40391,37.9872,-84.1789,35262,133,1966-09-05
2701796075789843,288,0,983,256,50,82716,44.282,-105.4974,41750,93,1963-03-21
348981061735637,28,0,980,130,38,19320,39.9843,-75.8253,52342,331,1991-12-03
4881193899902,155,0,14,401,4,90011,34.0079,-118.2582,2383912,390,1981-04-20
3561317985490047,238,0,308,575,4,94928,38.347,-122.6941,43170,399,1934-11-04
3527439225517414,288,0,818,120,22,49234,42.1235,-84.3521,2579,150,1972-04-30
3539945413845314,113,1,316,701,14,61571,40.7034,-89.4194,23744,271,1964-10-22
372408992177357,235,1,698,181,19,2332,42.0399,-70.7163,15059,371,1930-02-19
2534024222419831,276,1,375,34,34,13027,43.162,-76.3237,31637,256,1945-12-23
4024350947651186151,156,0,483,438,3,85213,33.4367,-111.7731,478404,246,1948-09-21
213161103565944,65,0,248,464,36,74445,35.6619,-95.8319,3226,478,1963-03-05
4194118390936,265,0,252,128,31,7011,40.8789,-74.1425,83648,167,1962-09-17
4375186694081,154,1,448,442,46,5753,43.9919,-73.1716,10491,273,1974-08-08
180094703969647,123,1,651,103,40,29406,32.9352,-80.0325,195110,414,1985-09-26
372887344966866,154,1,69,672,35,43605,41.6525,-83.5085,316948,214,1962-04-12
180071567566503,230,0,170,199,43,76936,30.8667,-100.5889,3377,461,1926-10-16
4669375402428619,183,0,727,164,15,46733,40.8273,-84.9314,18777,197,2000-08-19
6581638493680632,112,0,110,207,34,14901,42.1008,-76.812,49642,302,1992-09-08
639048527753,176,1,661,599,4,95148,37.3304,-121.7913,973849,209,1995-11-10
4896331812335761701,164,0,455,91,27,27513,35.7956,-78.7941,131592,330,1971-07-27
180008989774752,215,0,853,528,31,8865,40.7079,-75.1507,29840,362,2002-03-16
6568740420767511,108,0,125,705,45,23891,37.0508,-77.2124,6607,49,1963-12-07
3506565823445387,351,1,363,154,31,8515,40.1476,-74.6615,4637,368,1972-12-24
60434956110,206,1,128,472,9,34119,26.2665,-81.7146,276002,66,1968-06-01
2668704796668297,5,1,670,15,4,94531,37.9658,-121.7758,102729,494,1937-06-04
60429276409,116,1,865,143,42,38501,36.2178,-85.5423,65014,286,1972-08-01
577473389143,159,1,482,212,47,98208,47.8948,-122.1987,168159,141,1958-01-01
4518664774131353,24,0,586,401,4,90003,33.9653,-118.2727,2383912,68,1983-09-08
4178955990984125,349,1,579,514,17,42003,37.0368,-88.5934,57643,81,1959-02-28
2700038146342927,109,0,746,73,35,44147,41.3141,-81.6731,19480,242,1962-08-01
2275530153030440,9,0,120,492,34,10560,41.3414,-73.5929,4737,251,1980-08-30
3534541829912692,291,1,71,636,42,37381,35.6935,-84.8198,8855,13,1940-08-24
4216826822175626,235,1,95,392,5,80123,39.6206,-105.0901,320420,284,1993-11-29
60432200743,182,1,405,84,14,62626,39.2885,-89.8661,8354,242,1966-07-06
4286060480224063,273,1,780,108,14,60622,41.9019,-87.6778,2680484,401,1969-07-09
502065562386,202,0,659,8,38,16602,40.5052,-78.3905,63424,469,1961-05-05
180004794719900,84,1,493,68,31,8302,39.3762,-75.1617,46872,103,1990-12-31
4728395167309,276,1,684,325,10,30143,34.462,-84.4759,21145,330,1969-03-03
3558228280183234,143,0,847,455,23,55423,44.8756,-93.2553,1022298,263,1966-04-15
3597521353175555,212,0,882,439,9,33169,25.9441,-80.2144,1737737,249,1930-06-12
6553496551564196,146,1,10,536,43,75025,33.0784,-96.7291,278067,264,1966-03-07
4284834927668098462,234,0,807,272,15,46936,40.4791,-85.9582,5922,246,1966-03-11
30358667155440,156,0,270,180,27,27705,36.0218,-78.9478,256789,322,2005-06-13
4364991192856724,276,1,162,503,29,68116,41.2879,-96.1495,518429,393,1961-09-08
4264395678446078,203,0,519,162,35,45405,39.7899,-84.2135,479994,359,1996-11-21
4414925316498286,261,1,979,126,35,44135,41.4342,-81.8044,769341,380,1954-08-07
4436877156922095,94,0,636,620,18,71109,32.474,-93.8013,228095,366,1980-02-05
2274773494314872,44,0,856,210,5,80113,39.6405,-104.9614,99594,425,1955-09-25
3523285558095799,108,0,671,600,43,78589,26.2044,-98.1537,38004,215,1997-01-26
4347040714697141,251,1,351,87,14,62821,38.0808,-88.167,7657,395,1993-12-31
502070396101,43,1,18,333,3,86053,36.4848,-111.137,2311,458,1950-09-07
180092855162151,193,1,638,21,38,19014,39.8643,-75.4332,21206,326,1975-03-05
213141335139015,96,0,285,322,9,32244,30.2231,-81.7556,847415,330,1991-12-19
560073565825,151,0,272,303,11,96825,21.2987,-157.6985,403114,57,1974-02-16
6591122321425260,24,0,896,252,25,39553,30.398,-88.6412,17174,217,1999-03-27
4544118185136731,174,1,44,119,34,14032,43.0362,-78.639,7989,427,1958-04-13
4220148333540112727,197,0,100,17,48,53911,43.3269,-89.3631,1351,458,1940-07-04
213176295076716,223,0,217,316,27,28079,35.0831,-80.6597,31979,245,1970-08-17
562645649673,106,1,59,668,1,36784,31.9067,-87.7598,7754,455,1989-04-07
4519701815891368290,152,0,225,134,38,19426,40.1913,-75.4373,38831,321,1977-07-21
3588754802933586,90,1,916,599,4,95112,37.3476,-121.887,973849,272,1975-10-13
5121401283319559,190,0,908,140,43,75428,33.2493,-95.9097,10089,71,1981-11-02
6509412460516487,276,1,394,612,48,54476,44.9064,-89.5818,18580,51,2002-11-29
4317303324967577,312,1,55,638,24,65807,37.1668,-93.3085,219752,79,1996-07-09
4079959476111070,326,0,768,108,14,60609,41.8097,-87.6533,2680484,462,1971-03-02
4984685606692,246,0,402,39,18,70806,30.4485,-91.13,378909,474,1980-03-31
3526377927110735,345,0,219,14,45,22003,38.8307,-77.2142,55990,178,1973-05-23
639060694309,156,0,575,263,16,67735,39.3491,-101.7164,5476,117,1976-10-26
639064488542,196,0,133,461,23,56560,46.8677,-96.7572,40766,263,1998-03-31
675986887866,17,0,932,511,4,93033,34.1685,-119.1717,211523,380,1987-04-19
180063992879874,57,0,151,150,38,16066,40.7097,-80.1046,28060,256,1993-03-02
4700510287451200,51,0,769,310,4,92649,33.718,-118.0505,190249,394,1972-07-13
576627501520,156,0,432,557,22,48239,42.3756,-83.289,53246,167,1932-05-29
4680601457927,89,1,859,616,47,98109,47.6339,-122.3476,837792,36,1953-09-02
30209251920188,53,0,343,635,47,99223,47.6156,-117.3622,342856,401,1958-03-29
341639714920751,288,0,260,745,45,23693,37.1256,-76.4469,45297,307,2003-07-05
4249773677249,105,1,550,717,14,60154,41.8524,-87.8845,16773,482,1955-06-16
374380299034805,226,0,608,108,14,60623,41.849,-87.7157,2680484,190,1995-10-21
6011254920369300,206,1,16,116,23,55014,45.1528,-93.144,27274,315,1975-05-02
3501842933598479,276,1,599,556,1,35582,34.4513,-88.1129,4093,376,1951-09-19
6011473650032991,5,1,484,424,16,66861,38.3554,-97.0204,3204,399,1992-03-31
3523169792067543,336,1,414,279,43,76117,32.8087,-97.2709,30645,177,2001-01-20
4835733813307344,127,1,245,608,4,95407,38.4089,-122.7339,209844,375,1949-01-27
347203350516029,90,1,729,108,14,60640,41.9719,-87.6624,2680484,220,1939-09-25
374119925512531,190,0,201,91,27,27513,35.7956,-78.7941,131592,256,1989-04-20
377166328246305,289,0,195,500,36,73160,35.334,-97.4768,640470,258,1938-01-03
180085697714338,240,1,906,108,14,60644,41.8829,-87.7582,2680484,334,1970-03-26
4888818930461631,200,0,852,614,22,49088,42.1819,-85.4685,3648,304,1949-09-14
6528007272081477,52,0,642,304,43,77066,29.961,-95.4947,2906700,24,1981-12-11
3589995145498360,179,0,494,723,49,26003,40.1027,-80.6476,43002,446,2006-07-21
4605956343180739203,250,1,535,356,23,55041,44.4305,-92.2838,7601,391,1989-09-20
6011548720124025,339,1,504,483,34,10023,40.7764,-73.9827,1577385,173,1975-05-14
4246163034387,77,0,921,50,20,20816,38.9585,-77.1153,80090,189,1986-11-15
2499654662897352,35,0,263,502,47,98506,47.1042,-122.87,167094,187,2002-09-23
30125158904184,290,0,168,23,43,75551,33.109,-94.1646,11007,97,1976-08-31
180047909863618,115,0,452,458,34,12957,44.8504,-74.5603,1726,427,1997-05-27
4371450311809,240,1,920,622,5,80498,39.7647,-106.2211,7413,21,1978-05-14
3519925692476886,240,1,354,170,43,76209,33.2346,-97.1131,139552,85,1969-02-23
343251790447085,137,1,686,347,14,61448,40.9107,-90.2871,3823,285,1993-07-21
