INSERT INTO retail_stores (store_id, region, format) VALUES (1, 'Northeast', 'Supermarket');
INSERT INTO retail_stores (store_id, region, format) VALUES (2, 'Southeast', 'Discount');
INSERT INTO retail_stores (store_id, region, format) VALUES (3, 'Midwest', 'Supermarket');
INSERT INTO retail_customers (customer_id, store_id, region, tier) VALUES (101, 1, 'Northeast', 'Gold');
INSERT INTO retail_customers (customer_id, store_id, region, tier) VALUES (102, 1, 'Northeast', 'Silver');
INSERT INTO retail_customers (customer_id, store_id, region, tier) VALUES (103, 2, 'Southeast', 'Gold');
INSERT INTO retail_customers (customer_id, store_id, region, tier) VALUES (104, 3, 'Midwest', 'Bronze');
INSERT INTO retail_orders (order_id, customer_id, store_id, amount, status, order_date) VALUES (1001, 101, 1, 150.00, 'PAID', CAST('2024-01-15' AS DATE));
INSERT INTO retail_orders (order_id, customer_id, store_id, amount, status, order_date) VALUES (1002, 102, 1, 200.50, 'PAID', CAST('2024-01-16' AS DATE));
INSERT INTO retail_orders (order_id, customer_id, store_id, amount, status, order_date) VALUES (1003, 103, 2, 175.75, 'PAID', CAST('2024-01-17' AS DATE));
INSERT INTO retail_orders (order_id, customer_id, store_id, amount, status, order_date) VALUES (1004, 104, 3, 225.00, 'PAID', CAST('2024-01-18' AS DATE));
INSERT INTO retail_orders (order_id, customer_id, store_id, amount, status, order_date) VALUES (1005, 101, 1, 99.99, 'PAID', CAST('2024-01-19' AS DATE));
INSERT INTO retail_orders (order_id, customer_id, store_id, amount, status, order_date) VALUES (1006, 103, 2, 320.00, 'PAID', CAST('2024-01-20' AS DATE));
INSERT INTO retail_payments (payment_id, order_id, payment_amount, payment_method) VALUES (2001, 1001, 150.00, 'Credit Card');
INSERT INTO retail_payments (payment_id, order_id, payment_amount, payment_method) VALUES (2002, 1002, 200.50, 'Debit Card');
INSERT INTO retail_payments (payment_id, order_id, payment_amount, payment_method) VALUES (2003, 1003, 175.75, 'Credit Card');
INSERT INTO retail_payments (payment_id, order_id, payment_amount, payment_method) VALUES (2004, 1004, 225.00, 'PayPal');
INSERT INTO retail_payments (payment_id, order_id, payment_amount, payment_method) VALUES (2005, 1005, 99.99, 'Debit Card');
INSERT INTO retail_payments (payment_id, order_id, payment_amount, payment_method) VALUES (2006, 1006, 320.00, 'Credit Card');
