INSERT INTO customer_dim (customer_id, region, state, country, segment, signup_date) VALUES (1, 'North America', 'CA', 'USA', 'Premium', CAST('2023-01-15' AS DATE));
INSERT INTO customer_dim (customer_id, region, state, country, segment, signup_date) VALUES (2, 'Europe', 'London', 'UK', 'Standard', CAST('2023-02-20' AS DATE));
INSERT INTO customer_dim (customer_id, region, state, country, segment, signup_date) VALUES (3, 'Asia Pacific', 'Tokyo', 'Japan', 'Premium', CAST('2023-03-10' AS DATE));
INSERT INTO customer_dim (customer_id, region, state, country, segment, signup_date) VALUES (4, 'North America', 'NY', 'USA', 'Standard', CAST('2023-04-05' AS DATE));
INSERT INTO customer_dim (customer_id, region, state, country, segment, signup_date) VALUES (5, 'Europe', 'Paris', 'France', 'Premium', CAST('2023-05-12' AS DATE));
INSERT INTO customer_dim (customer_id, region, state, country, segment, signup_date) VALUES (6, 'Asia Pacific', 'Sydney', 'Australia', 'Standard', CAST('2023-06-18' AS DATE));
INSERT INTO order_fact (order_id, customer_id, region, state, country, amount, order_date, order_ts, status) VALUES (101, 1, 'North America', 'CA', 'USA', 5500.00, CAST('2024-01-10' AS DATE), CAST('2024-01-10 09:15:00' AS TIMESTAMP), 'PAID');
INSERT INTO order_fact (order_id, customer_id, region, state, country, amount, order_date, order_ts, status) VALUES (102, 2, 'Europe', 'London', 'UK', 4200.00, CAST('2024-01-11' AS DATE), CAST('2024-01-11 10:30:00' AS TIMESTAMP), 'PAID');
INSERT INTO order_fact (order_id, customer_id, region, state, country, amount, order_date, order_ts, status) VALUES (103, 3, 'Asia Pacific', 'Tokyo', 'Japan', 6800.00, CAST('2024-01-12' AS DATE), CAST('2024-01-12 11:45:00' AS TIMESTAMP), 'SHIPPED');
INSERT INTO order_fact (order_id, customer_id, region, state, country, amount, order_date, order_ts, status) VALUES (104, 4, 'North America', 'NY', 'USA', 3900.00, CAST('2024-01-13' AS DATE), CAST('2024-01-13 08:20:00' AS TIMESTAMP), 'PAID');
INSERT INTO order_fact (order_id, customer_id, region, state, country, amount, order_date, order_ts, status) VALUES (105, 5, 'Europe', 'Paris', 'France', 5100.00, CAST('2024-01-14' AS DATE), CAST('2024-01-14 14:00:00' AS TIMESTAMP), 'SHIPPED');
INSERT INTO order_fact (order_id, customer_id, region, state, country, amount, order_date, order_ts, status) VALUES (106, 6, 'Asia Pacific', 'Sydney', 'Australia', 4500.00, CAST('2024-01-15' AS DATE), CAST('2024-01-15 16:30:00' AS TIMESTAMP), 'PAID');
INSERT INTO order_fact (order_id, customer_id, region, state, country, amount, order_date, order_ts, status) VALUES (107, 1, 'North America', 'CA', 'USA', 6200.00, CAST('2024-01-16' AS DATE), CAST('2024-01-16 09:00:00' AS TIMESTAMP), 'PAID');
INSERT INTO order_fact (order_id, customer_id, region, state, country, amount, order_date, order_ts, status) VALUES (108, 2, 'Europe', 'London', 'UK', 3800.00, CAST('2024-01-17' AS DATE), CAST('2024-01-17 13:15:00' AS TIMESTAMP), 'SHIPPED');
INSERT INTO order_fact (order_id, customer_id, region, state, country, amount, order_date, order_ts, status) VALUES (109, 3, 'Asia Pacific', 'Tokyo', 'Japan', 5900.00, CAST('2024-01-18' AS DATE), CAST('2024-01-18 12:45:00' AS TIMESTAMP), 'PAID');
INSERT INTO payment_fact (order_id, payment_method, payment_amount) VALUES (101, 'CREDIT_CARD', 5500.00);
INSERT INTO payment_fact (order_id, payment_method, payment_amount) VALUES (102, 'BANK_TRANSFER', 4200.00);
INSERT INTO payment_fact (order_id, payment_method, payment_amount) VALUES (103, 'CREDIT_CARD', 6800.00);
INSERT INTO target_bands (region, min_amount, max_amount) VALUES ('North America', 3000.00, 7000.00);
INSERT INTO target_bands (region, min_amount, max_amount) VALUES ('Europe', 2500.00, 6000.00);
INSERT INTO target_bands (region, min_amount, max_amount) VALUES ('Asia Pacific', 4000.00, 8000.00);
INSERT INTO web_order_fact (order_id, customer_id, amount) VALUES (101, 1, 5500.00);
INSERT INTO web_order_fact (order_id, customer_id, amount) VALUES (102, 2, 4200.00);
INSERT INTO web_order_fact (order_id, customer_id, amount) VALUES (103, 3, 6800.00);
INSERT INTO store_order_fact (order_id, customer_id, amount) VALUES (104, 4, 3900.00);
INSERT INTO store_order_fact (order_id, customer_id, amount) VALUES (105, 5, 5100.00);
INSERT INTO store_order_fact (order_id, customer_id, amount) VALUES (106, 6, 4500.00);
INSERT INTO partner_order_fact (order_id, customer_id, amount) VALUES (107, 1, 6200.00);
INSERT INTO partner_order_fact (order_id, customer_id, amount) VALUES (108, 2, 3800.00);
INSERT INTO partner_order_fact (order_id, customer_id, amount) VALUES (109, 3, 5900.00);
