INSERT INTO retail_stores (store_id, region, format) VALUES (1, 'North', 'Standard');
INSERT INTO retail_stores (store_id, region, format) VALUES (2, 'South', 'Premium');
INSERT INTO retail_stores (store_id, region, format) VALUES (3, 'East', 'Compact');
INSERT INTO retail_customers (customer_id, store_id, region, tier) VALUES (101, 1, 'North', 'Gold');
INSERT INTO retail_customers (customer_id, store_id, region, tier) VALUES (102, 2, 'South', 'Silver');
INSERT INTO retail_customers (customer_id, store_id, region, tier) VALUES (103, 1, 'North', 'Bronze');
INSERT INTO retail_customers (customer_id, store_id, region, tier) VALUES (104, 3, 'East', 'Gold');
INSERT INTO retail_orders (order_id, customer_id, store_id, amount, status, order_date) VALUES (1001, 101, 1, 150.00, 'PAID', CAST('2024-01-15' AS DATE));
INSERT INTO retail_orders (order_id, customer_id, store_id, amount, status, order_date) VALUES (1002, 102, 2, 200.50, 'PAID', CAST('2024-01-16' AS DATE));
INSERT INTO retail_orders (order_id, customer_id, store_id, amount, status, order_date) VALUES (1003, 103, 1, 75.25, 'SHIPPED', CAST('2024-01-17' AS DATE));
INSERT INTO retail_orders (order_id, customer_id, store_id, amount, status, order_date) VALUES (1004, 104, 3, 300.00, 'PAID', CAST('2024-01-18' AS DATE));
INSERT INTO retail_orders (order_id, customer_id, store_id, amount, status, order_date) VALUES (1005, 101, 1, 120.75, 'PAID', CAST('2024-01-19' AS DATE));
INSERT INTO retail_orders (order_id, customer_id, store_id, amount, status, order_date) VALUES (1006, 102, 2, 89.99, 'PAID', CAST('2024-01-20' AS DATE));
INSERT INTO retail_payments (payment_id, order_id, payment_amount, payment_method) VALUES (2001, 1001, 150.00, 'CREDIT_CARD');
INSERT INTO retail_payments (payment_id, order_id, payment_amount, payment_method) VALUES (2002, 1002, 200.50, 'DEBIT_CARD');
INSERT INTO retail_payments (payment_id, order_id, payment_amount, payment_method) VALUES (2003, 1003, 75.25, 'CASH');
INSERT INTO retail_payments (payment_id, order_id, payment_amount, payment_method) VALUES (2004, 1004, 300.00, 'CREDIT_CARD');
INSERT INTO retail_payments (payment_id, order_id, payment_amount, payment_method) VALUES (2005, 1005, 120.75, 'DEBIT_CARD');
INSERT INTO retail_payments (payment_id, order_id, payment_amount, payment_method) VALUES (2006, 1006, 89.99, 'CREDIT_CARD');
INSERT INTO retail_promotions (promo_id, store_id, min_amount, max_amount, promo_name) VALUES (3001, 1, 50.00, 500.00, 'Winter Sale');
INSERT INTO retail_promotions (promo_id, store_id, min_amount, max_amount, promo_name) VALUES (3002, 2, 75.00, 600.00, 'Spring Promotion');
INSERT INTO retail_promotions (promo_id, store_id, min_amount, max_amount, promo_name) VALUES (3003, 3, 100.00, 700.00, 'Clearance Event');
