INSERT INTO retail_customers (customer_id, store_id, region, tier) VALUES (1, 10, 'North', 'Gold');
INSERT INTO retail_customers (customer_id, store_id, region, tier) VALUES (2, 11, 'South', 'Silver');
INSERT INTO retail_customers (customer_id, store_id, region, tier) VALUES (3, 12, 'East', 'Bronze');
INSERT INTO retail_customers (customer_id, store_id, region, tier) VALUES (4, 13, 'West', 'Gold');
INSERT INTO retail_customers (customer_id, store_id, region, tier) VALUES (5, 14, 'Central', 'Silver');
INSERT INTO retail_orders (order_id, customer_id, store_id, amount, status, order_date) VALUES (100, 1, 10, 150.00, 'PAID', CAST('2024-01-15' AS DATE));
INSERT INTO retail_orders (order_id, customer_id, store_id, amount, status, order_date) VALUES (101, 1, 10, 200.50, 'SHIPPED', CAST('2024-01-16' AS DATE));
INSERT INTO retail_orders (order_id, customer_id, store_id, amount, status, order_date) VALUES (102, 2, 11, 75.25, 'PAID', CAST('2024-01-17' AS DATE));
INSERT INTO retail_orders (order_id, customer_id, store_id, amount, status, order_date) VALUES (103, 3, 12, 300.00, 'PAID', CAST('2024-01-18' AS DATE));
INSERT INTO retail_orders (order_id, customer_id, store_id, amount, status, order_date) VALUES (104, 4, 13, 125.75, 'SHIPPED', CAST('2024-01-19' AS DATE));
INSERT INTO retail_orders (order_id, customer_id, store_id, amount, status, order_date) VALUES (105, 5, 14, 89.99, 'PAID', CAST('2024-01-20' AS DATE));
INSERT INTO retail_payments (payment_id, order_id, payment_amount, payment_method) VALUES (1000, 100, 150.00, 'CREDIT_CARD');
INSERT INTO retail_payments (payment_id, order_id, payment_amount, payment_method) VALUES (1001, 101, 200.50, 'DEBIT_CARD');
INSERT INTO retail_payments (payment_id, order_id, payment_amount, payment_method) VALUES (1002, 102, 75.25, 'CREDIT_CARD');
INSERT INTO retail_payments (payment_id, order_id, payment_amount, payment_method) VALUES (1003, 103, 300.00, 'PAYPAL');
INSERT INTO retail_payments (payment_id, order_id, payment_amount, payment_method) VALUES (1004, 105, 89.99, 'CREDIT_CARD');
INSERT INTO retail_stores (store_id, region, format) VALUES (10, 'North', 'Supermarket');
INSERT INTO retail_stores (store_id, region, format) VALUES (11, 'South', 'Convenience');
INSERT INTO retail_stores (store_id, region, format) VALUES (12, 'East', 'Hypermarket');
INSERT INTO retail_stores (store_id, region, format) VALUES (13, 'West', 'Supermarket');
INSERT INTO retail_stores (store_id, region, format) VALUES (14, 'Central', 'Discount');
INSERT INTO retail_promotions (promo_id, store_id, min_amount, max_amount, promo_name) VALUES (1, 10, 50.00, 500.00, 'Summer Sale');
INSERT INTO retail_promotions (promo_id, store_id, min_amount, max_amount, promo_name) VALUES (2, 11, 25.00, 200.00, 'Spring Offer');
