INSERT INTO customer_dim (customer_id, region, segment, signup_date) VALUES (1, 'North America', 'Premium', CAST('2023-01-15' AS DATE));
INSERT INTO customer_dim (customer_id, region, segment, signup_date) VALUES (2, 'Europe', 'Standard', CAST('2023-02-20' AS DATE));
INSERT INTO customer_dim (customer_id, region, segment, signup_date) VALUES (3, 'Asia Pacific', 'Premium', CAST('2023-03-10' AS DATE));
INSERT INTO customer_dim (customer_id, region, segment, signup_date) VALUES (4, 'North America', 'Standard', CAST('2023-04-05' AS DATE));
INSERT INTO customer_dim (customer_id, region, segment, signup_date) VALUES (5, 'Europe', 'Premium', CAST('2023-05-12' AS DATE));
INSERT INTO customer_dim (customer_id, region, segment, signup_date) VALUES (6, 'Asia Pacific', 'Standard', CAST('2023-06-18' AS DATE));
INSERT INTO customer_dim (customer_id, region, segment, signup_date) VALUES (7, 'North America', 'Premium', CAST('2023-07-22' AS DATE));
INSERT INTO customer_dim (customer_id, region, segment, signup_date) VALUES (8, 'Europe', 'Standard', CAST('2023-08-30' AS DATE));
INSERT INTO order_fact (order_id, customer_id, amount, discount, status, order_date, order_ts) VALUES (101, 1, 5000.00, 250.00, 'PAID', CAST('2024-01-10' AS DATE), CAST('2024-01-10 10:30:00' AS TIMESTAMP));
INSERT INTO order_fact (order_id, customer_id, amount, discount, status, order_date, order_ts) VALUES (102, 1, 3500.00, 175.00, 'SHIPPED', CAST('2024-01-12' AS DATE), CAST('2024-01-12 14:15:00' AS TIMESTAMP));
INSERT INTO order_fact (order_id, customer_id, amount, discount, status, order_date, order_ts) VALUES (103, 2, 4200.00, 210.00, 'PAID', CAST('2024-01-11' AS DATE), CAST('2024-01-11 09:45:00' AS TIMESTAMP));
INSERT INTO order_fact (order_id, customer_id, amount, discount, status, order_date, order_ts) VALUES (104, 3, 6000.00, 300.00, 'SHIPPED', CAST('2024-01-13' AS DATE), CAST('2024-01-13 11:20:00' AS TIMESTAMP));
INSERT INTO order_fact (order_id, customer_id, amount, discount, status, order_date, order_ts) VALUES (105, 3, 2800.00, 140.00, 'PAID', CAST('2024-01-14' AS DATE), CAST('2024-01-14 16:00:00' AS TIMESTAMP));
INSERT INTO order_fact (order_id, customer_id, amount, discount, status, order_date, order_ts) VALUES (106, 4, 3200.00, 160.00, 'SHIPPED', CAST('2024-01-15' AS DATE), CAST('2024-01-15 13:30:00' AS TIMESTAMP));
INSERT INTO order_fact (order_id, customer_id, amount, discount, status, order_date, order_ts) VALUES (107, 5, 5500.00, 275.00, 'PAID', CAST('2024-01-16' AS DATE), CAST('2024-01-16 10:15:00' AS TIMESTAMP));
INSERT INTO order_fact (order_id, customer_id, amount, discount, status, order_date, order_ts) VALUES (108, 6, 2100.00, 105.00, 'SHIPPED', CAST('2024-01-17' AS DATE), CAST('2024-01-17 15:45:00' AS TIMESTAMP));
INSERT INTO order_fact (order_id, customer_id, amount, discount, status, order_date, order_ts) VALUES (109, 7, 4800.00, 240.00, 'PAID', CAST('2024-01-18' AS DATE), CAST('2024-01-18 12:00:00' AS TIMESTAMP));
INSERT INTO order_fact (order_id, customer_id, amount, discount, status, order_date, order_ts) VALUES (110, 8, 3600.00, 180.00, 'SHIPPED', CAST('2024-01-19' AS DATE), CAST('2024-01-19 08:30:00' AS TIMESTAMP));
INSERT INTO payment_fact (order_id, payment_method, payment_amount) VALUES (101, 'Credit Card', 5000.00);
INSERT INTO payment_fact (order_id, payment_method, payment_amount) VALUES (102, 'Bank Transfer', 3500.00);
INSERT INTO payment_fact (order_id, payment_method, payment_amount) VALUES (103, 'Credit Card', 4200.00);
INSERT INTO payment_fact (order_id, payment_method, payment_amount) VALUES (104, 'PayPal', 6000.00);
INSERT INTO payment_fact (order_id, payment_method, payment_amount) VALUES (105, 'Credit Card', 2800.00);
